Customer_ID,Last_Name,Credit Score,Country,Gender,Age,Tenure,Balance,NumOfProducts,HasCrCard?,IsActiveMember,Estimated Salary,ExitedFromBank?
15634602,Hargrave,619,Franceance,Female,42,2,$0.00 ,1,1,1,"$101,348.88",1
15647311,Hill,608,Spain,Female,41,1,"$83,807.86 ",1,0,1,"$112,542.58",0
15619304,Onio,502,Franceance,Female,42,8,"$159,660.80 ",3,1,0,"$113,931.57",1
15701354,Boni,699,Franceance,Female,39,1,$0.00 ,2,0,0,"$93,826.63",0
15737888,Mitchell,850,Spain,Female,43,2,"$125,510.82 ",1,1,1,"$79,084.10",0
15574012,Chu,645,Spain,Male,44,8,"$113,755.78 ",2,1,0,"$149,756.71",1
15592531,Bartlett,822,Franceance,Male,50,7,$0.00 ,2,1,1,"$10,062.80",0
15656148,Obinna,376,Germany,Female,29,4,"$115,046.74 ",4,1,0,"$119,346.88",1
15792365,He,501,Franceance,Male,44,4,"$142,051.07 ",2,0,1,"$74,940.50",0
15767821,Bearce,528,Franceance,Male,31,6,"$102,016.72 ",2,0,0,"$80,181.12",0
15632264,Kay,476,France,Female,34,10,$0.00 ,2,1,0,"$26,260.98",0
15691483,Chin,549,France,Female,25,5,$0.00 ,2,0,0,"$190,857.79",0
15600882,Scott,635,Spain,Female,35,7,$0.00 ,2,1,1,"$65,951.65",0
15643966,Goforth,616,Germany,Male,45,3,"$143,129.41 ",2,0,1,"$64,327.26",0
15737452,Romeo,653,Germany,Male,58,1,"$132,602.88 ",1,1,0,"$5,097.67",1
15788218,Henderson,549,Spain,Female,24,9,$0.00 ,2,1,1,"$14,406.41",0
15661507,Muldrow,587,Spain,Male,45,6,$0.00 ,1,0,0,"$158,684.81",0
15568982,Hao,726,France,Female,24,6,$0.00 ,2,1,1,"$54,724.03",0
15577657,McDonald,732,France,Male,41,8,$0.00 ,2,1,1,"$170,886.17",0
15725737,Mosman,669,France,Male,46,3,$0.00 ,2,0,1,"$8,487.75",0
15625047,Yen,846,France,Female,38,5,$0.00 ,1,1,1,"$187,616.16",0
15738191,Maclean,577,France,Male,25,3,$0.00 ,2,0,1,"$124,508.29",0
15736816,Young,756,Germany,Male,36,2,"$136,815.64 ",1,1,1,"$170,041.95",0
15700772,Nebechi,571,France,Male,44,9,$0.00 ,2,0,0,"$38,433.35",0
15728693,McWilliams,574,Germany,Female,43,3,"$141,349.43 ",1,1,1,"$100,187.43",0
15656300,Lucciano,411,France,Male,29,0,"$59,697.17 ",2,1,1,"$53,483.21",0
15589475,Azikiwe,591,Spain,Female,39,3,$0.00 ,3,1,0,"$140,469.38",1
15706552,Odinakachukwu,533,France,Male,36,7,"$85,311.70 ",1,0,1,"$156,731.91",0
15750181,Sanderson,553,Germany,Male,41,9,"$110,112.54 ",2,0,0,"$81,898.81",0
15659428,Maggard,520,Spain,Female,42,6,$0.00 ,2,1,1,"$34,410.55",0
15732963,Clements,722,Spain,Female,29,9,$0.00 ,2,1,1,"$142,033.07",0
15794171,Lombardo,475,France,Female,45,0,"$134,264.04 ",1,1,0,"$27,822.99",1
15788448,Watson,490,Spain,Male,31,3,"$145,260.23 ",1,0,1,"$114,066.77",0
15729599,Lorenzo,804,Spain,Male,33,7,"$76,548.60 ",1,0,1,"$98,453.45",0
15717426,Armstrong,850,France,Male,36,7,$0.00 ,1,1,1,"$40,812.90",0
15585768,Cameron,582,Germany,Male,41,6,"$70,349.48 ",2,0,1,"$178,074.04",0
15619360,Hsiao,472,Spain,Male,40,4,$0.00 ,1,1,0,"$70,154.22",0
15738148,Clarke,465,France,Female,51,8,"$122,522.32 ",1,0,0,"$181,297.65",1
15687946,Osborne,556,France,Female,61,2,"$117,419.35 ",1,1,1,"$94,153.83",0
15755196,Lavine,834,France,Female,49,2,"$131,394.56 ",1,0,0,"$194,365.76",1
15684171,Bianchi,660,Spain,Female,61,5,"$155,931.11 ",1,1,1,"$158,338.39",0
15754849,Tyler,776,Germany,Female,32,4,"$109,421.13 ",2,1,1,"$126,517.46",0
15602280,Martin,829,Germany,Female,27,9,"$112,045.67 ",1,1,1,"$119,708.21",1
15771573,Okagbue,637,Germany,Female,39,9,"$137,843.80 ",1,1,1,"$117,622.80",1
15766205,Yin,550,Germany,Male,38,2,"$103,391.38 ",1,0,1,"$90,878.13",0
15771873,Buccho,776,Germany,Female,37,2,"$103,769.22 ",2,1,0,"$194,099.12",0
15616550,Chidiebele,698,Germany,Male,44,10,"$116,363.37 ",2,1,0,"$198,059.16",0
15768193,Trevisani,585,Germany,Male,36,5,"$146,050.97 ",2,0,0,"$86,424.57",0
15683553,O'Brien,788,France,Female,33,5,$0.00 ,2,0,0,"$116,978.19",0
15702298,Parkhill,655,Germany,Male,41,8,"$125,561.97 ",1,0,0,"$164,040.94",1
15569590,Yoo,601,Germany,Male,42,1,"$98,495.72 ",1,1,0,"$40,014.76",1
15760861,Phillipps,619,France,Male,43,1,"$125,211.92 ",1,1,1,"$113,410.49",0
15630053,Tsao,656,France,Male,45,5,"$127,864.40 ",1,1,0,"$87,107.57",0
15647091,Endrizzi,725,Germany,Male,19,0,"$75,888.20 ",1,0,0,"$45,613.75",0
15623944,T'ien,511,Spain,Female,66,4,$0.00 ,1,1,0,"$1,643.11",1
15804771,Velazquez,614,France,Male,51,4,"$40,685.92 ",1,1,1,"$46,775.28",0
15651280,Hunter,742,Germany,Male,35,5,"$136,857.00 ",1,0,0,"$84,509.57",0
15773469,Clark,687,Germany,Female,27,9,"$152,328.88 ",2,0,0,"$126,494.82",0
15702014,Jeffrey,555,Spain,Male,33,1,"$56,084.69 ",2,0,0,"$178,798.13",0
15751208,Pirozzi,684,Spain,Male,56,8,"$78,707.16 ",1,1,1,"$99,398.36",0
15592461,Jackson,603,Germany,Male,26,4,"$109,166.37 ",1,1,1,"$92,840.67",0
15789484,Hammond,751,Germany,Female,36,6,"$169,831.46 ",2,1,1,"$27,758.36",0
15696061,Brownless,581,Germany,Female,34,1,"$101,633.04 ",1,1,0,"$110,431.51",0
15641582,Chibugo,735,Germany,Male,43,10,"$123,180.01 ",2,1,1,"$196,673.28",0
15638424,Glauert,661,Germany,Female,35,5,"$150,725.53 ",2,0,1,"$113,656.85",0
15755648,Pisano,675,France,Female,21,8,"$98,373.26 ",1,1,0,"$18,203.00",0
15703793,Konovalova,738,Germany,Male,58,2,"$133,745.44 ",4,1,0,"$28,373.86",1
15620344,McKee,813,France,Male,29,6,$0.00 ,1,1,0,"$33,953.87",0
15812518,Palermo,657,Spain,Female,37,0,"$163,607.18 ",1,0,1,"$44,203.55",0
15779052,Ballard,604,Germany,Female,25,5,"$157,780.84 ",2,1,1,"$58,426.81",0
15770811,Wallace,519,France,Male,36,9,$0.00 ,2,0,1,"$145,562.40",0
15780961,Cavenagh,735,France,Female,21,1,"$178,718.19 ",2,1,0,"$22,388.00",0
15614049,Hu,664,France,Male,55,8,$0.00 ,2,1,1,"$139,161.64",0
15662085,Read,678,France,Female,32,9,$0.00 ,1,1,1,"$148,210.64",0
15575185,Bushell,757,Spain,Male,33,5,"$77,253.22 ",1,0,1,"$194,239.63",0
15803136,Postle,416,Germany,Female,41,10,"$122,189.66 ",2,1,0,"$98,301.61",0
15706021,Buley,665,France,Female,34,1,"$96,645.54 ",2,0,0,"$171,413.66",0
15663706,Leonard,777,France,Female,32,2,$0.00 ,1,1,0,"$136,458.19",1
15641732,Mills,543,France,Female,36,3,$0.00 ,2,0,0,"$26,019.59",0
15701164,Onyeorulu,506,France,Female,34,4,"$90,307.62 ",1,1,1,"$159,235.29",0
15738751,Beit,493,France,Female,46,4,$0.00 ,2,1,0,"$1,907.66",0
15805254,Ndukaku,652,Spain,Female,75,10,$0.00 ,2,1,1,"$114,675.75",0
15762418,Gant,750,Spain,Male,22,3,"$121,681.82 ",1,1,0,"$128,643.35",1
15625759,Rowley,729,France,Male,30,9,$0.00 ,2,1,0,"$151,869.35",0
15622897,Sharpe,646,France,Female,46,4,$0.00 ,3,1,0,"$93,251.42",1
15767954,Osborne,635,Germany,Female,28,3,"$81,623.67 ",2,1,1,"$156,791.36",0
15757535,Heap,647,Spain,Female,44,5,$0.00 ,3,1,1,"$174,205.22",1
15731511,Ritchie,808,France,Male,45,7,"$118,626.55 ",2,1,0,"$147,132.46",0
15809248,Cole,524,France,Female,36,10,$0.00 ,2,1,0,"$109,614.57",0
15640635,Capon,769,France,Male,29,8,$0.00 ,2,1,1,"$172,290.61",0
15676966,Capon,730,Spain,Male,42,4,$0.00 ,2,0,1,"$85,982.47",0
15699461,Fiorentini,515,Spain,Male,35,10,"$176,273.95 ",1,0,1,"$121,277.78",0
15738721,Graham,773,Spain,Male,41,9,"$102,827.44 ",1,0,1,"$64,595.25",0
15693683,Yuille,814,Germany,Male,29,8,"$97,086.40 ",2,1,1,"$197,276.13",0
15604348,Allard,710,Spain,Male,22,8,$0.00 ,2,0,0,"$99,645.04",0
15633059,Fanucci,413,France,Male,34,9,$0.00 ,2,0,0,"$6,534.18",0
15808582,Fu,665,France,Female,40,6,$0.00 ,1,1,1,"$161,848.03",0
15743192,Hung,623,France,Female,44,6,$0.00 ,2,0,0,"$167,162.43",0
15580146,Hung,738,France,Male,31,9,"$82,674.15 ",1,1,0,"$41,970.72",0
15776605,Bradley,528,Spain,Male,36,7,$0.00 ,2,1,0,"$60,536.56",0
15804919,Dunbabin,670,Spain,Female,65,1,$0.00 ,1,1,1,"$177,655.68",1
15613854,Mauldon,622,Spain,Female,46,4,"$107,073.27 ",2,1,1,"$30,984.59",1
15599195,Stiger,582,Germany,Male,32,1,"$88,938.62 ",1,1,1,"$10,054.53",0
15812878,Parsons,785,Germany,Female,36,2,"$99,806.85 ",1,0,1,"$36,976.52",0
15602312,Walkom,605,Spain,Male,33,5,"$150,092.80 ",1,0,0,"$71,862.79",0
15744689,T'ang,479,Germany,Male,35,9,"$92,833.89 ",1,1,0,"$99,449.86",1
15803526,Eremenko,685,Germany,Male,30,3,"$90,536.81 ",1,0,1,"$63,082.88",0
15665790,Rowntree,538,Germany,Male,39,7,"$108,055.10 ",2,1,0,"$27,231.26",0
15715951,Thorpe,562,France,Male,42,2,"$100,238.35 ",1,0,0,"$86,797.41",0
15591100,Chiemela,675,Spain,Male,36,9,"$106,190.55 ",1,0,1,"$22,994.32",0
15609618,Fanucci,721,Germany,Male,28,9,"$154,475.54 ",2,0,1,"$101,300.94",1
15675522,Ko,628,Germany,Female,30,9,"$132,351.29 ",2,1,1,"$74,169.13",0
15705512,Welch,668,Germany,Female,37,6,"$167,864.40 ",1,1,0,"$115,638.29",0
15698028,Duncan,506,France,Female,41,1,$0.00 ,2,1,0,"$31,766.30",0
15661670,Chidozie,524,Germany,Female,31,8,"$107,818.63 ",1,1,0,"$199,725.39",1
15600781,Wu,699,Germany,Male,34,4,"$185,173.81 ",2,1,0,"$120,834.48",0
15682472,Culbreth,828,France,Male,34,8,"$129,433.34 ",2,0,0,"$38,131.77",0
15580203,Kennedy,674,Spain,Male,39,6,"$120,193.42 ",1,0,0,"$100,130.95",0
15690673,Cameron,656,France,Female,39,6,$0.00 ,2,1,0,"$141,069.88",0
15760085,Calabresi,684,Germany,Female,48,10,"$126,384.42 ",1,1,1,"$198,129.36",0
15779659,Zetticci,625,France,Female,28,3,$0.00 ,1,0,0,"$183,646.41",0
15627360,Fuller,432,France,Male,42,9,"$152,603.45 ",1,1,0,"$110,265.24",1
15671137,MacDonald,549,France,Female,52,1,$0.00 ,1,0,1,"$8,636.05",1
15782688,Piccio,625,Germany,Male,56,0,"$148,507.24 ",1,1,0,"$46,824.08",1
15575492,Kennedy,828,France,Female,41,7,$0.00 ,2,1,0,"$171,378.77",0
15591607,Fernie,770,France,Male,24,9,"$101,827.07 ",1,1,0,"$167,256.35",0
15740404,He,758,France,Female,34,3,$0.00 ,2,1,1,"$124,226.16",0
15718369,Kaodilinakachukwu,795,Germany,Female,33,9,"$130,862.43 ",1,1,1,"$114,935.21",0
15677871,Cocci,687,France,Male,38,9,"$122,570.87 ",1,1,1,"$35,608.88",0
15642004,Alekseeva,686,France,Male,25,1,$0.00 ,2,0,1,"$16,459.37",0
15712543,Chinweike,789,Germany,Male,39,7,"$124,828.46 ",2,1,1,"$124,411.08",0
15584518,Arthur,589,Germany,Female,50,5,"$144,895.05 ",2,1,1,"$34,941.23",0
15802381,Li,461,Germany,Female,34,5,"$63,663.93 ",1,0,1,"$167,784.28",0
15610156,Ma,637,France,Male,40,2,"$133,463.10 ",1,0,1,"$93,165.34",0
15594408,Chia,584,Spain,Female,48,2,"$213,146.20 ",1,1,0,"$75,161.25",1
15640905,Vasin,579,Spain,Female,35,1,"$129,490.36 ",2,0,1,"$8,590.83",1
15698932,Groves,756,Germany,Male,44,10,"$137,452.09 ",1,1,0,"$189,543.90",0
15724944,Tien,663,France,Male,34,7,$0.00 ,2,1,1,"$180,427.24",0
15628145,Forwood,682,France,Female,43,5,"$125,851.93 ",1,1,1,"$193,318.33",0
15713483,Greeves,793,Spain,Male,52,2,$0.00 ,1,1,0,"$159,123.82",1
15612350,Taylor,691,France,Female,31,5,"$40,915.55 ",1,1,0,"$126,213.84",1
15800703,Madukwe,485,Spain,Female,21,5,"$113,157.22 ",1,1,1,"$54,141.50",0
15705707,Bennelong,635,Spain,Female,29,8,"$138,296.94 ",2,1,0,"$141,075.51",0
15754105,Olisanugo,650,France,Male,37,5,"$106,967.18 ",1,0,0,"$24,495.03",0
15703264,Chukwufumnanya,735,France,Male,44,9,"$120,681.63 ",1,1,0,"$74,836.34",0
15794413,Harris,416,France,Male,32,0,$0.00 ,2,0,1,$878.87,0
15650237,Morgan,754,Spain,Female,32,7,$0.00 ,2,1,0,"$89,520.75",0
15759618,Alexeeva,535,France,Female,48,9,$0.00 ,1,1,0,"$149,892.79",1
15811589,Metcalfe,716,Spain,Male,42,8,$0.00 ,2,1,0,"$180,800.42",0
15689044,Humphries,539,France,Male,37,2,"$127,609.59 ",1,1,0,"$98,646.22",0
15709368,Milne,614,France,Female,43,6,$0.00 ,2,1,1,"$109,041.53",0
15679145,Chou,706,Spain,Male,57,7,$0.00 ,1,1,0,"$17,941.16",1
15655007,Li,758,France,Female,33,7,$0.00 ,2,0,0,"$82,996.47",0
15623595,Clayton,586,Spain,Female,28,2,$0.00 ,2,1,1,"$92,067.35",0
15589975,Maclean,646,France,Female,73,6,"$97,259.25 ",1,0,1,"$104,719.66",0
15804017,Chigolum,631,Germany,Female,33,4,"$123,246.70 ",1,0,0,"$112,687.57",0
15692132,Wilkinson,717,Spain,Female,22,6,"$101,060.25 ",1,0,1,"$84,699.56",0
15641122,Wei,684,France,Male,30,2,$0.00 ,2,1,0,"$83,473.82",0
15630910,Treacy,800,France,Female,49,7,"$108,007.36 ",1,0,0,"$47,125.11",0
15680772,Hu,721,Spain,Female,36,2,$0.00 ,2,1,1,"$106,977.80",0
15658929,Taverner,683,Spain,Male,29,0,"$133,702.89 ",1,1,0,"$55,582.54",1
15585388,Sherman,660,Germany,Male,31,9,"$125,189.75 ",2,1,1,"$139,874.43",0
15724623,Taubman,704,Germany,Female,24,7,"$113,034.22 ",1,1,0,"$162,503.48",1
15588537,Robinson,615,Spain,Female,41,9,"$109,013.23 ",1,1,0,"$196,499.96",0
15574692,Pinto,667,Spain,Female,39,2,$0.00 ,2,1,0,"$40,721.24",1
15611325,Wood,682,Germany,Male,24,9,"$57,929.81 ",2,0,0,"$53,134.30",0
15587562,Hawkins,484,France,Female,29,4,"$130,114.39 ",1,1,0,"$164,017.89",0
15613172,Sun,628,Germany,Male,27,5,"$95,826.49 ",2,1,0,"$155,996.96",0
15651022,Yost,480,Germany,Male,44,10,"$129,608.57 ",1,1,0,"$5,472.70",1
15586310,Ting,578,France,Male,30,4,"$169,462.09 ",1,1,0,"$112,187.11",0
15625524,Rowe,512,France,Male,40,5,$0.00 ,2,1,1,"$146,457.83",0
15755209,Fu,484,Spain,Female,35,7,"$133,868.21 ",1,1,1,"$27,286.10",0
15645248,Ho,510,France,Female,30,0,$0.00 ,2,1,1,"$130,553.47",0
15790355,Okechukwu,606,Germany,Male,36,5,"$190,479.48 ",2,0,0,"$179,351.89",0
15762615,Campbell,597,Spain,Female,40,8,"$101,993.12 ",1,0,1,"$94,774.12",0
15625426,Ashbolt,754,Germany,Female,55,3,"$161,608.81 ",1,1,0,"$8,080.85",1
15716334,Rozier,850,Spain,Female,45,2,"$122,311.21 ",1,1,1,"$19,482.50",0
15789669,Hsia,510,France,Male,65,2,$0.00 ,2,1,1,"$48,071.61",0
15621075,Ogbonnaya,778,Germany,Female,45,1,"$162,150.42 ",2,1,0,"$174,531.27",0
15810845,T'ang,636,France,Male,42,2,$0.00 ,2,1,1,"$55,470.78",0
15719377,Cocci,804,France,Female,50,4,$0.00 ,1,1,1,"$8,546.87",1
15654506,Chang,514,France,Male,32,8,$0.00 ,2,1,0,"$95,857.18",0
15771977,T'ao,730,France,Female,39,1,"$99,010.67 ",1,1,0,"$194,945.80",0
15708710,Ford,525,Spain,Female,37,0,$0.00 ,1,0,1,"$131,521.72",0
15726676,Marshall,616,Spain,Male,30,5,$0.00 ,2,0,1,"$196,108.51",0
15587421,Tsai,687,Germany,Female,34,7,"$111,388.18 ",2,1,0,"$148,564.76",0
15726931,Onwumelu,715,France,Female,41,8,"$56,214.85 ",2,0,0,"$92,982.61",1
15771086,Graham,512,France,Female,36,3,"$84,327.77 ",2,1,0,"$17,675.36",0
15756850,Golovanov,479,France,Male,40,1,$0.00 ,2,0,0,"$114,996.43",0
15702741,Potts,601,France,Male,32,8,"$93,012.89 ",1,1,0,"$86,957.42",0
15679200,Crawford,580,Spain,Male,29,9,"$61,710.44 ",2,1,0,"$128,077.80",0
15594815,Aleshire,807,France,Male,35,3,"$174,790.15 ",1,1,1,$600.36,0
15635905,Moran,616,Spain,Female,32,6,$0.00 ,2,1,1,"$43,001.46",0
15777892,Samsonova,721,Germany,Male,37,3,"$107,720.64 ",1,1,1,"$158,591.12",0
15656176,Jenkins,501,France,Male,57,10,$0.00 ,2,1,1,"$47,847.19",0
15811127,Volkov,521,France,Male,35,6,"$96,423.84 ",1,1,0,"$10,488.44",0
15604482,Chiemezie,850,Spain,Male,30,2,"$141,040.01 ",1,1,1,"$5,978.20",0
15622911,Jude,759,France,Male,42,4,"$105,420.18 ",1,0,1,"$121,409.06",0
15600974,He,516,Spain,Male,50,5,$0.00 ,1,0,1,"$146,145.93",1
15727868,Onuora,711,France,Female,38,2,"$129,022.06 ",2,1,1,"$14,374.86",1
15773039,Ku,550,France,Male,37,3,$0.00 ,1,1,1,"$179,670.31",0
15755262,McDonald,608,Spain,Female,41,3,"$89,763.84 ",1,0,0,"$199,304.74",1
15679531,Collins,618,France,Male,34,5,"$134,954.53 ",1,1,1,"$151,954.39",0
15684181,Hackett,643,France,Male,45,5,$0.00 ,1,1,0,"$142,513.50",1
15612087,Dike,671,France,Male,45,2,"$106,376.85 ",1,0,1,"$158,264.62",0
15624592,Tan,603,France,Male,31,8,$0.00 ,2,1,1,"$169,915.02",0
15573152,Glassman,620,France,Female,41,9,$0.00 ,2,0,0,"$88,852.47",0
15594917,Miller,676,France,Female,34,1,"$63,095.01 ",1,1,1,"$40,645.81",0
15723488,Watson,668,Germany,Male,47,7,"$106,854.21 ",1,0,1,"$157,959.02",1
15680920,Marchesi,695,France,Male,46,7,"$49,512.55 ",1,1,0,"$133,007.34",0
15786308,Millar,730,Spain,Female,33,9,$0.00 ,2,0,0,"$176,576.62",0
15659366,Shih,807,France,Male,43,1,"$105,799.32 ",2,1,0,"$34,888.04",1
15774854,Fuller,592,France,Male,54,8,$0.00 ,1,1,1,"$28,737.71",1
15725311,Hay,726,France,Female,31,9,"$114,722.05 ",2,1,1,"$98,178.57",0
15787155,Yang,514,Spain,Male,30,7,$0.00 ,1,0,1,"$125,010.24",0
15727829,McIntyre,567,France,Male,42,2,$0.00 ,2,1,1,"$167,984.61",0
15733247,Stevenson,850,France,Male,33,10,$0.00 ,1,1,0,"$4,861.72",1
15568748,Poole,671,Germany,Male,45,6,"$99,564.22 ",1,1,1,"$108,872.45",1
15699029,Bagley,670,France,Male,37,4,"$170,557.91 ",2,1,0,"$198,252.88",0
15774393,Ch'ien,694,France,Female,30,9,$0.00 ,2,1,1,"$26,960.31",0
15676895,Cattaneo,547,Germany,Female,39,6,"$74,596.15 ",3,1,1,"$85,746.52",1
15637753,O'Sullivan,751,Germany,Male,50,2,"$96,888.39 ",1,1,0,"$77,206.25",1
15605461,Lucas,594,Germany,Female,29,3,"$130,830.22 ",1,1,0,"$61,048.53",0
15808473,Ringrose,673,France,Male,72,1,$0.00 ,2,0,1,"$111,981.19",0
15627000,Freeman,610,France,Male,40,0,$0.00 ,2,1,0,"$62,232.60",0
15787174,Sergeyev,512,France,Female,37,1,$0.00 ,2,0,1,"$156,105.03",0
15723886,Fiore,767,Germany,Male,20,3,"$119,714.25 ",2,0,1,"$150,135.38",0
15704769,Smith,585,France,Female,67,5,"$113,978.97 ",2,0,1,"$93,146.11",0
15772896,Dumetochukwu,763,Germany,Male,42,6,"$100,160.75 ",1,1,0,"$33,462.94",1
15711540,Pacheco,712,France,Female,29,2,$0.00 ,1,1,1,"$144,375.00",0
15764866,Synnot,539,Germany,Female,43,3,"$116,220.50 ",3,1,0,"$55,803.96",1
15794056,Johnston,668,France,Female,46,2,$0.00 ,3,1,0,"$89,048.46",1
15795149,Stevens,703,France,Male,28,2,"$81,173.83 ",2,0,1,"$162,812.16",0
15812009,Grant,662,Spain,Male,38,4,$0.00 ,2,1,0,"$136,259.65",0
15651001,Tsao,725,Germany,Female,39,5,"$116,803.80 ",1,1,0,"$124,052.97",0
15813844,Barnes,703,France,Male,37,8,"$105,961.68 ",2,0,1,"$74,158.80",0
15596175,McIntosh,659,Germany,Male,67,6,"$117,411.60 ",1,1,1,"$45,071.09",1
15576269,Madison,523,Spain,Male,34,7,$0.00 ,2,1,0,"$62,030.06",0
15797219,Ifesinachi,635,France,Female,40,10,"$123,497.58 ",1,1,0,"$131,953.23",1
15685500,Glazkov,772,Germany,Male,26,7,"$152,400.51 ",2,1,0,"$79,414.00",0
15599792,Dimauro,545,France,Female,26,1,$0.00 ,2,1,1,"$199,638.56",0
15657566,Wieck,634,Germany,Male,24,8,"$103,097.85 ",1,1,1,"$157,577.29",0
15772423,Liao,739,Germany,Male,54,8,"$126,418.14 ",1,1,0,"$134,420.75",1
15628112,Hughes,771,Germany,Female,36,5,"$77,846.90 ",1,0,0,"$99,805.99",0
15753754,Morrison,587,Spain,Female,34,1,$0.00 ,2,1,1,"$97,932.68",0
15793726,Matveyeva,681,France,Female,79,0,$0.00 ,2,0,1,"$170,968.99",0
15694717,Ku,544,Germany,Male,37,2,"$79,731.91 ",1,1,1,"$57,558.95",0
15665834,Cheatham,696,Spain,Male,28,8,$0.00 ,1,0,0,"$176,713.47",0
15765297,Yao,766,Spain,Male,41,0,$0.00 ,2,0,1,"$34,283.23",0
15636684,Kirkland,727,France,Male,34,10,$0.00 ,2,1,1,"$198,637.34",0
15592979,Rose,671,Germany,Female,34,6,"$37,266.67 ",2,0,0,"$156,917.12",0
15750803,Jess,693,France,Female,30,6,"$127,992.25 ",1,1,1,"$50,457.20",0
15607178,Welch,850,Germany,Male,38,3,"$54,901.01 ",1,1,1,"$140,075.55",0
15713853,Ifeajuna,732,Germany,Male,42,9,"$108,748.08 ",2,1,1,"$65,323.11",0
15673481,Morton,726,Spain,Female,48,6,"$99,906.19 ",1,1,0,"$64,323.24",0
15686776,Rossi,557,France,Female,32,6,"$184,686.41 ",2,1,0,"$14,956.44",0
15673693,Reppert,682,France,Female,26,0,"$110,654.02 ",1,0,1,"$111,879.21",0
15700696,Kang,738,Spain,Male,31,9,"$79,019.80 ",1,1,1,"$18,606.23",0
15813163,Ch'iu,531,Spain,Female,36,9,"$99,240.51 ",1,1,0,"$123,137.01",0
15653857,Wallis,498,Franceance,Male,34,2,$0.00 ,2,1,1,"$148,528.24",0
15777076,Clark,651,Franceance,Male,36,7,$0.00 ,2,1,0,"$13,898.31",0
15717398,Fielding,549,Spain,Female,39,7,$0.00 ,1,0,0,"$81,259.25",1
15799217,Zetticci,791,Germany,Female,35,7,"$52,436.20 ",1,1,0,"$161,051.75",0
15787071,Dulhunty,650,Spain,Male,41,9,$0.00 ,2,0,1,"$191,599.67",0
15619955,Bevington,733,Germany,Male,34,3,"$100,337.96 ",3,1,0,"$48,559.19",1
15796505,Boyle,811,Germany,Female,34,1,"$149,297.19 ",2,1,1,"$186,339.74",0
15725166,Newton,707,Franceance,Male,30,8,$0.00 ,2,1,0,"$33,159.37",0
15800116,Bowman,712,Germany,Male,28,4,"$145,605.44 ",1,0,1,"$93,883.53",0
15758685,Dubinina,706,Spain,Female,37,7,$0.00 ,2,1,1,"$110,899.30",0
15694456,Toscani,756,Franceance,Male,62,3,$0.00 ,1,1,1,"$11,199.04",1
15767339,Chiazagomekpere,777,Franceance,Female,53,10,$0.00 ,2,1,0,"$189,992.97",0
15683562,Allen,646,Franceance,Male,35,6,"$84,026.86 ",1,0,1,"$164,255.69",0
15782210,K'ung,714,Franceance,Male,46,1,$0.00 ,1,1,0,"$152,167.79",1
15668893,Wilsmore,782,Franceance,Male,39,8,$0.00 ,2,1,1,"$33,949.67",0
15669169,Hargreaves,775,Spain,Male,29,10,$0.00 ,2,1,1,"$68,143.93",0
15643024,Huang,479,Germany,Male,35,4,"$138,718.92 ",1,1,1,"$47,251.79",1
15699389,Ch'ien,807,Franceance,Male,42,7,"$118,274.71 ",1,1,1,"$25,885.72",0
15708608,Wallwork,799,Franceance,Female,22,8,"$174,185.98 ",2,0,1,"$192,633.85",0
15626144,Chu,675,Franceance,Male,40,7,"$113,208.86 ",2,1,0,"$34,577.36",0
15573112,Kang,602,Spain,Male,29,5,"$103,907.28 ",1,1,0,"$161,229.84",0
15790678,Davidson,475,Franceance,Female,32,8,"$119,023.28 ",1,1,0,"$100,816.29",0
15727556,O'Donnell,744,Spain,Female,26,5,"$166,297.89 ",1,1,1,"$181,694.44",0
15697307,Nnachetam,588,Spain,Male,34,10,$0.00 ,2,1,0,"$79,078.91",0
15652266,Chidiebele,703,Germany,Male,42,9,"$63,227.00 ",1,0,1,"$137,316.32",0
15607098,Ahmed,747,Spain,Female,41,5,"$94,521.17 ",2,1,0,"$194,926.86",0
15655774,Booth,583,Franceance,Male,27,7,$0.00 ,2,1,0,"$51,285.49",0
15590241,Chuang,750,Spain,Female,34,9,"$112,822.26 ",1,0,0,"$150,401.53",1
15785819,Shao,681,Franceance,Male,38,3,$0.00 ,2,1,1,"$112,491.96",0
15723654,Tsao,773,Franceance,Male,25,2,"$135,903.33 ",1,1,0,"$73,656.38",0
15774510,Tien,714,Franceance,Female,31,4,"$125,169.26 ",1,1,1,"$106,636.89",0
15684173,Chang,687,Spain,Female,44,7,$0.00 ,3,1,0,"$155,853.52",1
15650068,Johnson,511,Franceance,Male,58,0,"$149,117.31 ",1,1,1,"$162,599.51",0
15811490,French,627,Franceance,Male,33,5,$0.00 ,2,1,1,"$103,737.82",0
15803976,Efremov,694,Franceance,Female,31,10,$0.00 ,2,1,0,"$160,990.27",0
15682541,Hartley,616,Spain,Female,36,6,"$132,311.71 ",1,0,0,"$15,462.84",0
15695699,Calabrese,687,Franceance,Male,35,8,$0.00 ,2,1,0,"$10,334.05",0
15624188,Chiu,712,Franceance,Female,33,6,$0.00 ,2,1,1,"$190,686.16",0
15812191,Brennan,553,Franceance,Male,33,4,"$118,082.89 ",1,0,0,"$94,440.45",0
15636673,Onwuatuegwu,667,Franceance,Male,31,1,"$119,266.69 ",1,1,1,"$28,257.63",0
15594898,Hewitt,731,Franceance,Male,43,2,$0.00 ,1,1,1,"$170,034.95",1
15660211,Shih,629,Germany,Male,35,7,"$156,847.29 ",2,1,0,"$31,824.29",0
15773972,Balashov,614,Franceance,Male,50,4,"$137,104.47 ",1,1,0,"$127,166.49",1
15746726,Doyle,438,Germany,Male,31,8,"$78,398.69 ",1,1,0,"$44,937.01",0
15712287,Pokrovskii,652,Franceance,Female,80,4,$0.00 ,2,1,1,"$188,603.07",0
15702919,Collins,729,Germany,Male,30,6,"$63,669.42 ",1,1,0,"$145,111.37",0
15674398,Russo,642,Franceance,Male,38,3,$0.00 ,2,0,0,"$171,463.83",0
15797960,Skinner,806,Germany,Female,59,0,"$135,296.33 ",1,1,0,"$182,822.50",0
15631868,Robertson,744,Spain,Male,36,2,"$153,804.44 ",1,1,1,"$87,213.33",0
15581539,Atkinson,474,Spain,Male,37,3,$0.00 ,2,0,0,"$57,175.32",0
15662736,Doyle,559,Franceance,Male,49,2,"$147,069.78 ",1,1,0,"$120,540.83",1
15666252,Ritchie,706,Spain,Male,42,9,$0.00 ,2,1,1,"$28,714.34",0
15677512,McEncroe,628,Spain,Female,22,3,$0.00 ,1,1,0,"$85,426.28",0
15626114,Pearson,429,Franceance,Male,24,4,"$95,741.75 ",1,1,0,"$46,170.75",0
15810834,Gordon,525,Spain,Female,57,2,"$145,965.33 ",1,1,1,"$64,448.36",0
15678910,Ts'ai,680,Franceance,Female,30,8,"$141,441.75 ",1,1,1,"$16,278.97",0
15694408,Lung,749,Franceance,Male,40,1,"$139,290.41 ",1,1,0,"$182,855.42",1
15585215,Yuan,763,Franceance,Female,31,4,$0.00 ,2,0,0,"$50,404.72",0
15682757,Pardey,734,Franceance,Male,30,3,$0.00 ,2,1,0,"$107,640.25",0
15736601,Tai,716,Franceance,Male,35,4,"$144,428.87 ",1,1,0,"$134,132.65",0
15601848,Scott,594,Franceance,Male,35,2,$0.00 ,2,1,0,"$103,480.69",0
15736008,Hunter,644,Franceance,Female,46,9,"$95,441.27 ",1,1,0,"$108,761.05",1
15669064,Mazzanti,671,Germany,Male,35,1,"$144,848.74 ",1,1,1,"$179,012.30",0
15624528,L?,664,Germany,Male,26,7,"$116,244.14 ",2,1,1,"$95,145.14",0
15598493,Beach,656,Franceance,Male,50,7,$0.00 ,2,0,1,"$72,143.44",0
15601274,Hsieh,667,Spain,Female,40,1,"$146,502.07 ",1,1,0,"$19,162.89",0
15702669,Faulkner,663,Germany,Male,44,2,"$117,028.60 ",2,0,1,"$144,680.18",0
15728669,Knowles,584,Germany,Female,30,8,"$112,013.81 ",1,1,0,"$177,772.03",1
15742668,Day,626,Spain,Female,37,6,"$108,269.37 ",1,1,0,"$5,597.94",0
15697441,Hsueh,485,Franceance,Male,29,7,"$182,123.79 ",1,1,0,"$116,828.51",1
15740476,Tsao,659,Germany,Female,32,3,"$150,923.74 ",2,0,1,"$174,652.51",0
15648064,Kennedy,649,Franceance,Male,33,2,$0.00 ,2,1,0,"$2,010.98",0
15636624,Nwabugwu,805,Spain,Female,39,5,"$165,272.13 ",1,1,0,"$14,109.85",1
15807923,Young,716,Germany,Female,39,10,"$115,301.31 ",1,1,0,"$43,527.40",1
15745844,Kerr,642,Germany,Female,40,6,"$129,502.49 ",2,0,1,"$86,099.23",1
15786170,Tien,659,Franceance,Male,31,4,"$118,342.26 ",1,0,0,"$161,574.19",0
15681081,Marrero,545,Spain,Female,47,5,$0.00 ,2,1,1,"$38,970.14",0
15684484,White,543,Franceance,Male,22,8,$0.00 ,2,0,0,"$127,587.22",0
15785869,Pisano,718,Franceance,Female,25,7,$0.00 ,2,1,0,"$30,380.12",0
15763859,Brown,840,Franceance,Female,43,7,$0.00 ,2,1,0,"$90,908.95",0
15658935,Freeman,630,Germany,Female,34,9,"$106,937.05 ",2,1,0,"$138,275.01",0
15747358,Russell,643,Germany,Male,59,3,"$170,331.37 ",1,1,1,"$32,171.79",0
15735203,Seleznyov,654,Germany,Female,32,1,"$114,510.85 ",1,1,1,"$126,143.23",0
15576256,Yusupova,582,Franceance,Male,39,5,$0.00 ,2,1,1,"$129,892.93",0
15659420,Foley,659,Spain,Male,32,3,"$107,594.11 ",2,1,1,"$102,416.84",0
15593365,Shih,762,Spain,Male,39,2,"$81,273.13 ",1,1,1,"$18,719.67",0
15777352,Ikedinachukwu,568,Spain,Female,32,7,"$169,399.60 ",1,1,0,"$61,936.22",0
15812007,Power,670,Spain,Male,25,6,$0.00 ,2,1,1,"$78,358.94",0
15625461,Amos,613,Franceance,Female,45,1,"$187,841.99 ",2,1,1,"$147,224.27",0
15739438,Reed,539,Franceance,Male,30,0,$0.00 ,2,1,0,"$160,979.66",0
15611759,Simmons,850,Spain,Female,57,8,"$126,776.30 ",2,1,1,"$132,298.49",0
15661629,Ricci,522,Spain,Male,34,9,"$126,436.29 ",1,1,0,"$174,248.52",1
15633950,Yen,737,Franceance,Male,41,1,"$101,960.74 ",1,1,1,"$123,547.28",0
15592386,Campbell,520,Franceance,Male,58,3,$0.00 ,2,0,1,"$32,790.02",0
15803716,West,706,Spain,Male,28,3,$0.00 ,2,0,1,"$181,543.67",0
15696674,Robinson,643,Germany,Female,45,2,"$150,842.93 ",1,0,1,"$2,319.96",1
15706365,Bianchi,648,Franceance,Female,50,9,"$102,535.57 ",1,1,1,"$189,543.19",0
15745088,Chen,443,Germany,Female,29,9,"$99,027.61 ",2,1,0,"$10,940.40",0
15676715,Madukaego,640,Franceance,Male,68,9,$0.00 ,2,1,1,"$199,493.38",0
15613085,Ibrahimova,628,Spain,Female,33,3,$0.00 ,1,1,1,"$188,193.25",0
15633537,Nolan,540,Germany,Female,42,9,"$87,271.41 ",2,1,0,"$172,572.64",0
15594720,Scott,460,Germany,Female,35,8,"$102,742.91 ",2,1,1,"$189,339.60",0
15684042,Blair,636,Germany,Male,34,2,"$40,105.51 ",2,0,1,"$53,512.16",0
15583303,Monaldo,593,Franceance,Female,29,2,"$152,265.43 ",1,1,0,"$34,004.44",0
15611579,Sutherland,801,Spain,Male,42,4,"$141,947.67 ",1,1,1,"$10,598.29",0
15774696,Cole,640,Germany,Female,75,1,"$106,307.91 ",2,0,1,"$113,428.77",0
15694506,Briggs,611,Germany,Male,31,0,"$107,884.81 ",2,1,1,"$183,487.98",0
15688074,Gregory,802,Germany,Male,31,1,"$125,013.72 ",1,1,1,"$187,658.09",0
15759537,Bianchi,717,Germany,Male,35,7,"$58,469.37 ",2,1,1,"$172,459.39",0
15758449,Angelo,769,Franceance,Female,39,8,$0.00 ,1,0,1,"$21,016.00",0
15583456,Gardiner,745,Germany,Male,45,10,"$117,231.63 ",3,1,1,"$122,381.02",1
15667871,Kerr,572,Spain,Male,35,4,"$152,390.26 ",1,1,0,"$128,123.66",0
15677371,Ko,629,Spain,Female,30,2,"$34,013.63 ",1,1,0,"$19,570.63",0
15629677,Distefano,687,Spain,Female,39,2,$0.00 ,3,0,0,"$188,150.60",1
15713578,Farrell,483,Franceance,Female,50,9,$0.00 ,2,1,1,"$111,020.24",0
15591509,Milano,690,Franceance,Male,36,7,"$101,583.11 ",2,1,0,"$123,775.15",0
15568240,Ting,492,Germany,Female,30,10,"$77,168.87 ",2,0,1,"$146,700.22",0
15622993,Boyd,709,Germany,Male,28,8,"$124,695.72 ",2,1,0,"$145,251.35",0
15689294,Onyemaechi,705,Germany,Male,44,3,"$105,934.96 ",1,1,0,"$82,463.69",0
15720910,Black,560,Franceance,Female,66,9,$0.00 ,1,1,1,"$15,928.49",0
15721181,Oliver,611,Spain,Male,46,6,$0.00 ,2,1,0,"$45,886.33",0
15776433,Greco,730,Spain,Male,62,2,$0.00 ,2,1,1,"$186,489.95",0
15748936,Whitehead,709,Spain,Female,45,2,$0.00 ,2,0,1,"$162,922.65",0
15717225,Ikemefuna,544,Franceance,Female,21,10,"$161,525.96 ",2,1,0,"$9,262.77",0
15685226,Morrison,712,Germany,Female,29,7,"$147,199.07 ",1,1,1,"$84,932.40",0
15785611,Onyeoruru,752,Germany,Male,38,3,"$183,102.29 ",1,1,1,"$71,557.12",0
15573456,Cunningham,648,Spain,Male,46,9,"$127,209.00 ",2,1,0,"$77,405.95",1
15684548,Demidov,556,Spain,Male,38,8,$0.00 ,2,0,0,$417.41,1
15620505,Celis,594,Spain,Female,24,0,"$97,378.54 ",1,1,1,"$71,405.17",0
15807432,Cheng,645,Germany,Female,37,2,"$136,925.09 ",2,0,1,"$153,400.24",0
15584766,Knight,557,Franceance,Male,33,3,"$54,503.55 ",1,1,1,$371.05,0
15612187,Morin,547,Germany,Male,32,8,"$155,726.85 ",1,1,0,"$67,789.99",0
15762218,Mills,701,Franceance,Female,39,9,$0.00 ,2,0,1,"$145,894.90",0
15646372,Outhwaite,616,Franceance,Female,66,1,"$135,842.41 ",1,1,0,"$183,840.51",1
15690452,Tung,605,Franceance,Male,52,1,"$63,349.75 ",1,1,0,"$108,887.44",0
15747795,Pai,593,Germany,Female,38,4,"$129,499.42 ",1,1,1,"$154,071.27",0
15781589,Carpenter,751,Spain,Male,52,8,$0.00 ,2,0,1,"$179,291.85",0
15732674,Fennell,443,Spain,Male,36,6,"$70,438.01 ",2,0,1,"$56,937.43",0
15642291,Fontaine,685,Franceance,Male,23,8,$0.00 ,2,1,1,"$112,239.03",0
15692761,Pratt,718,Franceance,Male,36,9,$0.00 ,1,1,0,"$45,909.87",0
15578045,Mitchell,538,Spain,Female,49,9,"$141,434.04 ",1,0,0,"$173,779.25",1
15745354,Franklin,611,Spain,Female,37,4,$0.00 ,2,1,0,"$125,696.26",0
15701376,K'ung,668,Germany,Male,37,10,"$152,958.29 ",2,1,1,"$159,585.61",0
15691625,Ko,537,Germany,Female,41,3,"$138,306.34 ",1,1,0,"$106,761.47",0
15566594,McKenzie,709,Spain,Male,23,10,$0.00 ,2,0,0,"$129,590.18",0
15760431,Pino,850,Franceance,Male,38,1,$0.00 ,2,1,1,"$80,006.65",0
15686302,Fisk,745,Spain,Female,31,3,"$124,328.84 ",1,1,1,"$140,451.52",0
15801559,Chiang,693,Germany,Female,41,9,"$181,461.48 ",3,1,1,"$187,929.43",1
15810432,Moseley,795,Spain,Male,35,8,$0.00 ,2,1,0,"$167,155.36",0
15809616,Hsiung,626,Spain,Male,26,8,$0.00 ,2,0,0,"$191,420.71",0
15720559,Heath,487,Germany,Female,61,5,"$110,368.03 ",1,0,0,"$11,384.45",1
15695632,Dellucci,556,Franceance,Female,39,9,"$89,588.35 ",1,1,1,"$94,898.10",0
15659843,Li,643,Franceance,Female,46,6,$0.00 ,2,0,0,"$106,781.59",0
15615624,De Salis,605,Franceance,Female,28,6,$0.00 ,2,0,0,"$159,508.52",0
15810418,T'ang,756,Germany,Female,60,3,"$115,924.89 ",1,1,0,"$93,524.19",1
15716186,Richardson,586,Franceance,Female,38,2,$0.00 ,2,1,0,"$87,168.46",0
15674551,Fitch,535,Germany,Male,40,7,"$111,756.50 ",1,1,0,"$8,128.32",1
15622834,Stevenson,678,Franceance,Female,35,4,$0.00 ,1,1,0,"$125,518.32",0
15566111,Estes,596,Franceance,Male,39,9,$0.00 ,1,1,0,"$48,963.59",0
15784597,Lattimore,648,Franceance,Male,26,9,"$162,923.85 ",1,1,0,"$98,368.24",0
15652883,Chung,492,Germany,Male,39,10,"$124,576.65 ",2,1,0,"$148,584.61",0
15806964,Utz,702,Franceance,Male,45,0,"$80,793.58 ",1,1,1,"$27,474.81",0
15576313,Wei,486,Germany,Female,40,9,"$71,340.09 ",1,1,0,"$76,192.21",0
15806467,Boyle,568,Germany,Male,40,1,"$99,282.63 ",1,0,0,"$134,600.94",1
15597602,Nwachinemelu,619,Germany,Male,57,3,"$137,946.39 ",1,1,1,"$72,467.99",1
15743040,Kuznetsova,724,Germany,Male,41,2,"$127,892.57 ",2,0,1,"$199,645.45",0
15705521,Pisani,548,Germany,Female,33,0,"$101,084.36 ",1,1,0,"$42,749.85",0
15595039,Manna,545,Germany,Female,37,8,"$114,754.08 ",1,1,0,"$136,050.44",1
15799384,Collier,683,Franceance,Male,33,8,$0.00 ,1,0,0,"$73,564.44",0
15581197,Ricci,762,Franceance,Female,51,3,"$99,286.98 ",1,0,1,"$85,578.63",0
15693737,Carr,627,Germany,Female,30,4,"$79,871.02 ",2,1,0,"$129,826.89",0
15624623,Hs?,516,Franceance,Male,35,10,"$104,088.59 ",2,0,0,"$119,666.00",0
15783501,Findlay,800,Franceance,Female,38,2,"$168,190.33 ",2,1,0,"$68,052.08",0
15690134,Hughes,464,Germany,Female,42,3,"$85,679.25 ",1,1,1,"$164,104.74",0
15782735,Chukwuemeka,626,Franceance,Female,35,3,$0.00 ,1,0,0,"$80,190.36",0
15611088,Genovese,790,Franceance,Female,31,9,$0.00 ,2,1,0,"$84,126.75",0
15672145,Swift,534,Franceance,Female,34,7,"$121,551.58 ",2,1,1,"$70,179.00",0
15732628,Ugoji,745,Franceance,Male,46,2,"$122,220.19 ",1,1,1,"$118,024.10",0
15787470,Parkinson,553,Spain,Male,47,3,"$116,528.15 ",1,0,0,"$145,704.19",1
15803406,Ross,748,Franceance,Female,26,1,"$77,780.29 ",1,0,1,"$183,049.41",0
15730460,Oleary,722,Franceance,Male,37,2,$0.00 ,1,0,0,"$120,906.83",0
15644572,Turnbull,501,Franceance,Male,40,4,"$125,832.20 ",1,1,1,"$100,433.83",0
15694860,Uspensky,675,Franceance,Female,38,6,"$68,065.80 ",1,0,0,"$138,777.00",1
15658169,Cook,778,Spain,Female,47,6,"$127,299.34 ",2,1,0,"$124,694.99",0
15794396,Newbold,494,Germany,Female,38,7,"$174,937.64 ",1,1,0,"$40,084.32",0
15785798,Uchechukwu,850,Franceance,Male,40,9,$0.00 ,2,0,1,"$119,232.33",0
15710825,Ch'en,592,Spain,Male,31,7,"$110,071.10 ",1,0,0,"$43,921.36",0
15668444,He,590,Spain,Female,44,3,"$139,432.37 ",1,1,0,"$62,222.81",0
15726631,Hilton,758,Franceance,Female,39,6,"$127,357.76 ",1,0,1,"$56,577.00",0
15733797,Sal,506,Franceance,Male,36,5,$0.00 ,2,1,0,"$164,253.35",0
15747960,Eluemuno,733,Franceance,Male,33,3,$0.00 ,1,1,1,"$7,666.73",0
15634632,Titus,711,Franceance,Male,38,3,$0.00 ,2,1,0,"$68,487.51",0
15707362,Yin,514,Germany,Male,43,1,"$95,556.31 ",1,0,1,"$199,273.98",1
15662976,Lettiere,637,Spain,Male,37,8,$0.00 ,1,1,1,"$186,062.36",0
15732778,Templeman,468,Germany,Male,29,1,"$111,681.98 ",2,1,1,"$195,711.16",0
15718443,Chibuzo,539,Franceance,Male,39,3,$0.00 ,2,1,0,"$36,692.17",0
15670039,Sun,509,Spain,Female,25,3,"$108,738.71 ",2,1,0,"$106,920.57",0
15773792,Evans,662,Franceance,Female,32,4,"$133,950.37 ",1,1,1,"$48,725.68",1
15613786,Ogbonnaya,818,Spain,Male,26,4,$0.00 ,2,1,1,"$167,036.94",0
15726032,Enyinnaya,608,Franceance,Male,33,9,"$89,968.69 ",1,1,0,"$68,777.26",0
15663252,Olisanugo,850,Spain,Female,32,9,$0.00 ,2,1,1,"$18,924.92",0
15593782,Brookes,816,Germany,Female,38,5,"$130,878.75 ",3,1,0,"$71,905.77",1
15633283,Padovano,536,France,Male,35,8,$0.00 ,2,1,0,"$64,833.28",0
15749167,Fisk,753,France,Male,35,3,$0.00 ,2,1,1,"$184,843.77",0
15759298,Shih,631,Spain,Male,27,10,"$134,169.62 ",1,1,1,"$176,730.02",0
15683625,Hare,703,France,Male,37,1,"$149,762.08 ",1,1,0,"$20,629.40",1
15635367,Muir,774,France,Male,26,2,"$93,844.69 ",1,1,0,"$28,415.36",0
15681705,Fanucci,785,France,Male,28,8,$0.00 ,2,1,0,"$77,231.27",0
15603156,Elewechi,571,France,Female,33,1,$0.00 ,2,1,0,"$102,750.70",0
15591986,Johnston,621,Germany,Male,46,6,"$141,078.37 ",1,0,0,"$34,580.80",1
15798888,Pisano,605,Germany,Female,31,1,"$117,992.59 ",1,1,1,"$183,598.77",0
15809722,Ankudinov,611,France,Female,40,8,"$100,812.33 ",2,1,0,"$147,358.27",0
15677538,Nwokike,569,France,Male,38,7,$0.00 ,1,1,1,"$108,469.20",0
15797736,Smith,658,France,Male,29,4,"$80,262.60 ",1,1,1,"$20,612.82",0
15695585,Atkins,788,Spain,Male,34,6,"$156,478.62 ",1,0,1,"$181,196.76",0
15744398,Burns,525,France,Female,23,5,$0.00 ,2,1,0,"$160,249.10",0
15750658,Obiuto,798,France,Male,37,8,$0.00 ,3,0,0,"$110,783.28",0
15578186,Pirozzi,486,Germany,Male,37,9,"$115,217.99 ",2,1,0,"$144,995.33",0
15676519,George,615,Spain,Male,61,9,$0.00 ,2,1,0,"$150,227.85",1
15637954,Lewis,730,France,Female,35,0,"$155,470.55 ",1,1,1,"$53,718.28",0
15758639,Moran,641,France,Male,37,7,$0.00 ,2,1,0,"$75,248.30",0
15613772,Dalrymple,542,France,Male,39,3,"$135,096.77 ",1,1,1,"$14,353.43",1
15731744,Carslaw,692,France,Male,30,2,$0.00 ,2,0,1,"$130,486.57",0
15807709,Kirby,714,Germany,Female,55,9,"$180,075.22 ",1,1,1,"$100,127.71",0
15714689,Houghton,591,Spain,Male,29,1,"$97,541.24 ",1,1,1,"$196,356.17",0
15699005,Martin,710,France,Female,41,2,"$156,067.05 ",1,1,1,"$9,983.88",0
15624170,Tan,639,France,Female,38,4,"$81,550.94 ",2,0,1,"$118,974.77",0
15725679,Hsia,531,France,Female,47,6,$0.00 ,1,0,0,"$194,998.34",1
15585865,Westerberg,673,France,Female,38,2,"$170,061.92 ",2,0,0,"$134,901.34",1
15804256,Hale,765,Germany,Male,36,8,"$92,310.54 ",2,1,1,"$72,924.56",0
15662403,Kryukova,622,France,Female,32,6,"$169,089.38 ",2,1,0,"$101,057.95",0
15733616,Sopuluchukwu,806,France,Male,40,5,"$80,613.93 ",1,1,1,"$142,838.64",0
15591995,Barry,757,Germany,Male,26,8,"$121,581.56 ",2,1,1,"$127,059.04",0
15677020,Selezneva,570,France,Female,58,8,$0.00 ,1,0,1,"$116,503.92",1
15727688,Chizuoke,555,Spain,Male,32,4,$0.00 ,2,1,1,"$54,405.79",0
15715941,Lueck,692,France,Male,54,5,$0.00 ,2,1,1,"$88,721.84",0
15714485,Udinese,774,France,Male,60,5,"$85,891.55 ",1,1,0,"$74,135.48",1
15730059,Udobata,638,Spain,Male,44,9,"$77,637.35 ",2,1,1,"$111,346.22",0
15715527,Freeman,543,Spain,Female,41,4,$0.00 ,1,0,0,"$194,902.16",0
15576623,Outlaw,584,France,Male,31,5,$0.00 ,2,1,0,"$31,474.27",0
15805565,Obiuto,691,Germany,Male,30,7,"$116,927.89 ",1,1,0,"$21,198.39",0
15677307,Lo,684,Germany,Female,40,6,"$137,326.65 ",1,1,0,"$186,976.60",0
15773890,Okechukwu,733,France,Male,22,5,$0.00 ,2,1,1,"$117,202.19",0
15598883,King,599,Spain,Female,37,2,$0.00 ,2,1,1,"$143,739.29",0
15568506,Forbes,524,Germany,Female,31,10,"$67,238.98 ",2,1,1,"$161,811.23",0
15761043,Macleod,632,Germany,Female,38,6,"$86,569.76 ",2,1,0,"$98,090.91",0
15782236,Gibbs,735,Spain,Male,34,5,$0.00 ,2,0,0,"$71,095.41",0
15593601,Isayev,734,France,Male,34,6,"$133,598.40 ",1,1,1,"$13,107.24",0
15682048,Pisano,605,France,Female,51,3,"$136,188.78 ",1,1,1,"$67,110.59",1
15746902,Belstead,793,Spain,Male,38,9,$0.00 ,2,1,0,"$88,225.02",0
15752081,Vassiliev,468,France,Female,56,10,$0.00 ,3,0,1,"$62,256.87",1
15781307,Schneider,779,Germany,Male,37,7,"$120,092.52 ",2,1,0,"$135,925.72",0
15775912,Mazzanti,698,France,Male,48,4,"$101,238.24 ",2,0,1,"$177,815.87",1
15745417,Knipe,707,France,Male,58,6,"$89,685.92 ",1,0,1,"$126,471.13",0
15671256,Macartney,850,France,Female,35,1,"$211,774.31 ",1,1,0,"$188,574.12",1
15653547,Madukwe,850,France,Male,56,7,"$131,317.48 ",1,1,1,"$119,175.45",0
15595766,Watts,527,Spain,Male,37,5,"$93,722.73 ",2,1,1,"$139,093.73",0
15742358,Humphreys,696,Germany,Male,32,8,"$101,160.99 ",1,1,1,"$115,916.55",0
15763274,Wu,661,France,Male,48,3,"$120,320.54 ",1,0,0,"$96,463.25",0
15786063,Chin,776,France,Female,31,2,$0.00 ,2,1,1,"$112,349.51",0
15600258,Chesnokova,701,France,Male,43,2,$0.00 ,2,1,1,"$165,303.79",0
15573318,Kung,610,France,Male,26,8,$0.00 ,2,1,0,"$166,031.08",0
15653849,Lu,572,Germany,Female,48,3,"$152,827.99 ",1,1,0,"$38,411.79",1
15694272,Nkemakolam,673,France,Male,30,1,"$64,097.75 ",1,1,1,"$77,783.35",0
15736112,Walton,519,Spain,Female,57,2,"$119,035.35 ",2,1,1,"$29,871.79",0
15749851,Brookes,702,Spain,Female,26,4,"$135,219.57 ",1,0,1,"$59,747.63",0
15663478,Baldwin,729,France,Male,32,6,"$93,694.42 ",1,1,1,"$79,919.13",0
15592300,Mai,543,Spain,Male,35,10,"$59,408.63 ",1,1,0,"$76,773.53",0
15567832,Shih,550,France,Female,40,7,"$114,354.95 ",1,1,0,"$54,018.93",0
15776780,He,608,France,Male,59,1,$0.00 ,1,1,0,"$70,649.64",1
15592846,Fiorentini,639,Germany,Male,35,10,"$128,173.90 ",2,1,0,"$59,093.39",0
15739803,Lucciano,686,Spain,Male,34,9,$0.00 ,2,1,0,"$127,569.80",0
15794142,Ferreira,564,Germany,Female,62,5,"$114,931.35 ",3,0,1,"$18,260.98",1
15762729,Ukaegbunam,745,Germany,Female,28,1,"$111,071.36 ",1,1,0,"$73,275.96",1
15667896,De Luca,833,France,Male,37,8,"$151,226.18 ",2,1,1,"$136,129.49",0
15626578,Milne,622,France,Male,26,9,$0.00 ,2,1,1,"$153,237.59",0
15776223,Davide,597,France,Female,42,4,"$64,740.12 ",1,1,1,"$106,841.12",0
15705953,Kodilinyechukwu,721,Spain,Male,51,0,"$169,312.13 ",1,1,0,"$109,078.35",1
15802593,Little,504,France,Female,49,7,$0.00 ,3,0,1,"$87,822.14",1
15615457,Burns,842,Spain,Female,44,2,"$112,652.08 ",2,1,0,"$126,644.98",0
15708916,Paterson,587,France,Male,38,0,$0.00 ,2,1,0,"$47,414.15",0
15720187,Han,479,Germany,Female,30,7,"$143,964.36 ",2,1,0,"$41,879.99",0
15595440,Kryukova,508,France,Male,49,7,"$122,451.46 ",2,1,1,"$75,808.10",0
15600651,Ijendu,749,France,Male,24,1,$0.00 ,3,1,1,"$47,911.03",0
15750141,Reichard,721,Germany,Female,36,3,"$65,253.07 ",2,1,0,"$28,737.78",0
15657284,Day,674,Germany,Male,47,6,"$106,901.94 ",1,1,1,"$2,079.20",1
15763063,Price,685,Spain,Female,25,10,"$128,509.63 ",1,1,0,"$121,562.33",0
15709324,Bruce,417,France,Male,34,7,$0.00 ,2,1,0,"$55,003.79",0
15711309,Sumrall,574,Germany,Male,33,3,"$129,834.67 ",1,1,0,"$193,131.42",0
15775318,Lu,590,Spain,Female,51,3,"$154,962.99 ",3,0,1,"$191,932.27",1
15705515,Lazarev,587,Germany,Male,40,5,"$138,241.90 ",2,1,0,"$159,418.10",0
15634844,Miller,598,Germany,Male,41,3,"$91,536.93 ",1,1,0,"$191,468.78",1
15717046,Wentworth-Shields,741,Spain,Male,53,3,$0.00 ,2,1,1,"$38,913.68",0
15571816,Ritchie,850,Spain,Female,70,5,$0.00 ,1,1,1,$705.18,0
15670080,Mackenzie,584,Germany,Female,29,7,"$105,204.01 ",1,0,1,"$138,490.03",0
15800440,Power,650,Spain,Male,61,1,"$152,968.73 ",1,0,1,"$82,970.69",0
15665678,Tan,607,Spain,Male,36,8,"$158,261.68 ",1,1,1,"$76,744.72",0
15665956,Pendergrass,509,France,Female,46,1,$0.00 ,1,1,0,"$71,244.59",1
15788126,Evans,689,Spain,Female,38,6,"$121,021.05 ",1,1,1,"$12,182.15",0
15811773,Hsia,543,France,Male,36,4,$0.00 ,2,1,1,"$141,210.50",0
15651674,Billson,438,Spain,Female,54,2,$0.00 ,1,0,0,"$191,763.07",1
15689614,Teng,687,Spain,Female,63,1,"$137,715.66 ",1,1,1,"$37,938.74",0
15795564,Moretti,737,Germany,Male,31,5,"$121,192.22 ",2,1,1,"$74,890.58",0
15706647,Jordan,761,France,Male,31,7,$0.00 ,3,1,1,"$166,698.18",0
15728505,Ts'ao,601,France,Male,44,1,"$100,486.18 ",2,1,1,"$62,678.53",0
15730076,Osborne,651,France,Male,45,1,$0.00 ,1,1,0,"$67,740.08",1
15622003,Carslaw,745,France,Male,35,9,"$92,566.53 ",2,1,0,"$161,519.77",0
15607312,Ch'ang,648,Spain,Female,49,10,$0.00 ,2,1,1,"$159,835.78",1
15644753,Hung,848,Spain,Male,40,3,"$110,929.96 ",1,1,1,"$30,876.84",0
15653620,Gordon,546,France,Female,27,8,$0.00 ,2,1,1,"$14,858.10",0
15761986,Obialo,439,Spain,Female,32,3,"$138,901.61 ",1,1,0,"$75,685.97",0
15633922,Gray,755,France,Male,30,4,"$123,217.66 ",2,0,1,"$144,183.10",0
15734674,Lin,593,France,Female,41,6,$0.00 ,1,1,0,"$65,170.66",0
15658032,Hopkins,701,France,Male,39,2,$0.00 ,2,1,1,"$82,526.92",0
15692671,Dobson,701,Spain,Male,36,8,$0.00 ,2,1,0,"$169,161.46",0
15737741,McKay,607,Spain,Female,33,2,"$108,431.87 ",2,0,1,"$109,291.39",1
15576352,Revell,586,Spain,Female,57,3,$0.00 ,2,0,1,"$6,057.81",0
15753719,Rickards,547,Germany,Female,30,9,"$72,392.41 ",1,1,0,"$77,077.14",0
15803689,Begum,647,Germany,Female,51,1,"$119,741.77 ",2,0,0,"$54,954.51",1
15718057,Onyinyechukwuka,760,France,Female,51,2,"$100,946.71 ",1,0,0,"$179,614.80",1
15722010,Zuyev,621,Spain,Male,53,9,"$170,491.84 ",1,1,0,"$35,588.07",1
15680998,Nwankwo,725,France,Male,44,5,$0.00 ,1,1,1,"$117,356.14",0
15614782,Hao,526,France,Male,36,1,$0.00 ,1,1,0,"$160,696.72",0
15591047,Ma,519,Spain,Female,47,6,"$157,296.02 ",2,0,0,"$147,278.43",1
15788291,Okwuadigbo,713,Germany,Female,38,7,"$144,606.22 ",1,1,1,"$56,594.36",1
15604044,Mitchell,700,France,Male,38,8,"$134,811.30 ",1,1,0,"$1,299.75",0
15679587,Chan,666,France,Female,34,9,"$115,897.12 ",1,1,1,"$25,095.03",0
15775153,Buchi,630,Spain,Male,32,4,"$82,034.00 ",1,0,0,"$146,326.45",0
15603925,Greco,779,Spain,Female,26,4,"$174,318.13 ",2,0,1,"$38,296.21",0
15680970,Lombardi,611,Germany,Female,41,2,"$114,206.84 ",1,1,0,"$164,061.60",0
15697183,Uchenna,685,Spain,Male,43,9,$0.00 ,2,1,0,"$107,811.28",0
15567446,Coffman,646,Germany,Male,39,9,"$111,574.41 ",1,1,1,"$30,838.51",0
15637476,Alexandrova,683,Germany,Female,57,5,"$162,448.69 ",1,0,0,"$9,221.78",1
15714939,Fallaci,484,Germany,Female,34,4,"$148,249.54 ",1,0,1,"$33,738.27",0
15683503,Hudson,601,France,Female,43,8,$0.00 ,3,0,1,"$110,916.15",1
15645569,Mai,762,Spain,Female,26,7,"$123,709.46 ",2,1,1,"$169,654.57",0
15782569,Stout,687,France,Female,72,9,$0.00 ,1,0,1,"$69,829.40",0
15592387,Burke,566,France,Male,30,5,$0.00 ,1,1,0,"$54,926.51",1
15609286,Chadwick,702,France,Male,37,10,"$150,525.80 ",1,1,1,"$94,728.49",0
15814035,Lawrence,601,France,Male,29,9,$0.00 ,1,1,1,"$80,393.27",0
15661249,Bellucci,699,France,Male,53,4,$0.00 ,2,0,1,"$111,307.98",0
15629117,Harper,584,France,Male,28,10,$0.00 ,2,1,0,"$19,834.32",0
15607170,Boyle,699,France,Male,35,5,$0.00 ,2,1,1,"$78,397.24",0
15586585,Duncan,698,Germany,Female,51,2,"$111,018.98 ",1,1,0,"$86,410.28",0
15686611,Moss,495,France,Male,30,10,"$129,755.99 ",1,0,0,"$172,749.65",0
15603203,Avdeyeva,650,France,Female,27,6,$0.00 ,2,1,0,"$1,002.39",0
15619857,Crawford,605,France,Female,64,2,"$129,555.70 ",1,1,1,"$13,601.79",0
15805062,Lynton,667,Spain,Male,38,1,"$87,202.38 ",1,1,1,"$77,866.91",0
15660271,Duncan,688,Germany,Male,26,8,"$146,133.39 ",1,1,1,"$175,296.76",0
15745295,Gether,727,Spain,Female,31,0,$0.00 ,1,1,0,"$121,751.04",1
15719352,Davidson,754,Spain,Male,39,6,"$170,184.99 ",2,1,0,"$89,593.26",0
15766575,Larionova,612,Germany,Female,62,8,"$140,745.33 ",1,1,0,"$193,437.89",1
15594594,Loggia,546,Spain,Male,42,7,"$139,070.51 ",1,1,1,"$86,945.00",0
15646161,Steinhoff,673,Spain,Female,37,8,$0.00 ,2,1,1,"$183,318.79",0
15682585,Guerra,593,France,Male,35,9,"$114,193.24 ",1,1,0,"$71,154.10",0
15603134,Pai,656,Spain,Female,40,10,"$167,878.50 ",1,0,1,"$151,887.16",0
15636444,Craig,535,Germany,Female,53,5,"$141,616.55 ",2,1,1,"$75,888.65",0
15773456,Lazareva,678,Germany,Male,36,3,"$145,747.67 ",2,0,1,"$89,566.74",0
15604119,Alderete,850,Spain,Male,35,7,"$110,349.82 ",1,0,0,"$126,355.80",0
15626900,Kung,427,France,Male,29,1,"$141,325.56 ",1,1,1,"$93,839.30",0
15605447,Palermo,752,France,Male,49,2,"$78,653.84 ",1,1,0,"$7,698.60",0
15589030,Ts'ai,649,France,Male,47,1,$0.00 ,2,1,1,"$145,593.85",0
15712403,McMillan,589,France,Female,61,1,$0.00 ,1,1,0,"$61,108.56",1
15811762,Pickering,583,Germany,Female,54,6,"$115,988.86 ",1,1,0,"$57,553.98",1
15724282,Tsao,540,Germany,Male,44,3,"$164,113.04 ",2,1,1,"$12,120.79",0
15738181,Douglas,850,France,Male,31,6,"$67,996.23 ",2,0,0,"$50,129.87",1
15583725,Mairinger,682,France,Male,48,1,"$138,778.15 ",1,0,1,"$168,840.23",0
15588350,McIntyre,744,France,Female,43,10,"$147,832.15 ",1,0,1,"$24,234.11",0
15798398,Pagnotto,785,France,Female,36,4,"$135,438.40 ",1,0,0,"$190,627.01",0
15784844,K'ung,752,Spain,Male,48,5,"$116,060.08 ",1,1,0,"$156,618.38",1
15580684,Feng,706,France,Female,29,5,"$112,564.62 ",1,1,0,"$42,334.38",0
15809663,Donaldson,583,France,Female,27,1,"$125,406.58 ",1,1,1,"$110,784.42",0
15640078,Chambers,660,Germany,Female,39,5,"$135,134.99 ",1,1,0,"$173,683.00",1
15698786,Marcelo,819,France,Female,39,9,"$133,102.92 ",1,1,0,"$27,046.46",1
15569807,Ejimofor,673,France,Female,34,8,"$42,157.08 ",1,1,0,"$20,598.59",1
15730830,Dale,752,France,Female,30,3,$0.00 ,2,1,1,"$104,991.28",0
15805112,Pokrovsky,578,France,Male,38,7,"$82,259.29 ",1,1,0,"$8,996.97",0
15633064,Stonebraker,438,France,Female,36,4,$0.00 ,2,1,0,"$64,420.50",0
15703119,Liang,652,France,Male,38,6,$0.00 ,2,1,1,"$145,700.22",0
15730447,Anderson,629,France,Female,49,4,$0.00 ,2,1,1,"$196,335.48",0
15813850,Christian,720,France,Male,52,7,$0.00 ,1,1,1,"$14,781.12",0
15711889,Mao,668,France,Male,42,3,"$150,461.07 ",1,1,0,"$108,139.23",0
15664610,Campbell,459,Germany,Male,48,4,"$133,994.52 ",1,1,1,"$19,287.06",1
15751710,Ginikanwa,729,Spain,Male,31,8,"$164,870.81 ",2,1,1,"$9,567.39",0
15692926,Toscani,498,Germany,Male,25,8,"$121,702.73 ",1,1,1,"$132,210.49",0
15813741,Nnachetam,549,Spain,Male,25,6,"$193,858.20 ",1,0,1,"$21,600.11",0
15698474,Sagese,601,Germany,Female,54,1,"$131,039.97 ",2,1,1,"$199,661.50",0
15568595,Fleming,544,France,Male,64,9,"$113,829.45 ",1,1,1,"$124,341.49",0
15603065,Grubb,751,France,Female,30,6,$0.00 ,2,1,0,"$15,766.10",0
15592937,Napolitani,632,Germany,Female,41,3,"$81,877.38 ",1,1,1,"$33,642.21",0
15699637,Anenechi,694,Spain,Male,57,8,"$116,326.07 ",1,1,1,"$117,704.65",0
15667215,Chandler,678,France,Male,31,2,$0.00 ,2,1,1,"$58,803.28",0
15788659,Howells,695,France,Male,46,4,$0.00 ,2,1,1,"$137,537.22",0
15763218,Akeroyd,661,France,Female,41,1,$0.00 ,2,0,1,"$131,300.68",0
15645772,Onwumelu,661,France,Male,33,9,$0.00 ,2,1,1,"$84,174.81",0
15725511,Wallace,559,France,Female,31,3,"$127,070.73 ",1,0,1,"$160,941.78",0
15575024,Uwaezuoke,503,France,Male,29,3,$0.00 ,2,1,1,"$143,954.99",0
15640825,Loyau,695,Spain,Male,46,3,"$122,549.64 ",1,1,1,"$56,297.85",0
15662397,Small,640,France,Female,42,5,"$176,099.13 ",1,1,1,"$8,404.73",0
15576368,Bledsoe,624,Germany,Female,48,3,"$122,388.38 ",2,0,0,"$30,020.09",0
15674991,Kao,667,France,Male,42,9,$0.00 ,2,0,1,"$58,137.42",0
15721024,Wickens,642,France,Male,26,0,$0.00 ,1,0,0,"$47,472.68",0
15642394,He,529,Spain,Male,35,5,$0.00 ,2,1,1,"$187,288.50",0
15754605,Jarvis,563,France,Female,39,5,$0.00 ,2,1,1,"$17,603.81",0
15715142,Repina,739,Germany,Male,45,7,"$102,703.62 ",1,0,1,"$147,802.94",1
15780804,Nucci,482,France,Male,55,5,"$97,318.25 ",1,0,1,"$78,416.14",0
15613880,Higinbotham,591,Spain,Male,58,5,"$128,468.69 ",1,0,1,"$137,254.55",0
15775238,Achebe,651,Germany,Female,41,4,"$133,432.59 ",1,0,1,"$151,303.48",0
15786905,Russo,749,Germany,Female,40,8,"$141,782.57 ",2,0,0,"$86,333.63",0
15747867,Trevisani,583,France,Male,24,9,"$135,125.28 ",1,0,0,"$89,801.90",0
15600337,Dobie,661,Spain,Male,42,2,"$178,820.91 ",1,0,0,"$29,358.57",1
15801277,Maccallum,715,France,Female,31,2,"$112,212.14 ",2,1,1,"$181,600.72",0
15579334,Watkins,769,Germany,Female,45,5,"$126,674.81 ",1,1,0,"$124,118.71",1
15802741,Mitchel,625,France,Female,51,7,"$136,294.97 ",1,1,0,"$38,867.46",1
15720649,Ferdinand,641,France,Female,36,5,"$66,392.64 ",1,1,0,"$31,106.67",0
15589493,Otitodilinna,716,Germany,Male,27,1,"$122,552.34 ",2,1,0,"$67,611.36",0
15688251,Mamelu,767,France,Male,43,1,"$76,408.85 ",2,1,0,"$77,837.63",0
15665238,Beneventi,745,Germany,Male,36,8,"$145,071.24 ",1,0,0,"$6,078.46",0
15740900,Perrodin,589,France,Male,34,6,$0.00 ,2,1,1,"$177,896.92",0
15681068,Chinagorom,796,France,Female,45,2,"$109,730.22 ",1,1,1,"$123,882.73",0
15748625,Napolitano,664,France,Male,57,6,$0.00 ,2,1,1,"$15,304.08",0
15727299,Edgar,445,Spain,Male,62,1,"$64,119.38 ",1,1,1,"$76,569.64",1
15620204,Walker,543,Germany,Female,57,1,"$106,138.33 ",2,1,1,"$120,657.32",1
15669516,Steele,746,Spain,Male,36,2,$0.00 ,2,1,1,"$16,436.56",0
15736534,Elkins,742,Germany,Male,33,0,"$181,656.51 ",1,1,1,"$107,667.91",0
15803457,Hao,750,France,Female,32,5,$0.00 ,2,1,0,"$95,611.47",0
15659098,Toscano,669,France,Male,30,7,"$95,128.86 ",1,0,0,"$19,799.26",0
15566292,Okwuadigbo,574,Spain,Male,36,1,$0.00 ,2,0,1,"$71,709.12",0
15808621,Mordvinova,659,Germany,Male,36,2,"$76,190.48 ",2,1,1,"$149,066.14",0
15580148,Welch,750,Germany,Male,40,5,"$168,286.81 ",3,1,0,"$20,451.99",1
15776231,Kent,626,Germany,Male,35,4,"$88,109.81 ",1,1,1,"$32,825.50",0
15773809,Campbell,620,France,Male,42,4,$0.00 ,2,1,0,"$6,232.31",0
15649423,Cooper,580,France,Female,35,8,$0.00 ,2,0,1,"$10,357.03",0
15734886,Mazzi,686,France,Female,34,3,"$123,971.51 ",2,1,0,"$147,794.63",0
15722548,Fisher,540,France,Male,48,0,"$148,116.48 ",1,0,0,"$116,973.48",0
15650288,Summers,634,Germany,Male,35,6,"$116,269.01 ",1,1,0,"$129,964.94",0
15629448,Brady,632,Spain,Male,38,1,"$120,599.21 ",1,1,0,"$92,816.86",0
15716164,Nicholls,501,France,Female,41,3,"$144,260.50 ",1,1,0,"$172,114.67",0
15578977,Robinson,786,France,Male,34,9,$0.00 ,2,1,0,"$144,517.19",0
15677369,Golubov,554,Germany,Female,37,4,"$58,629.97 ",1,0,0,"$182,038.60",0
15804072,Chen,701,Spain,FeMaleale,42,5,$0.00 ,2,0,0,"$24,210.56",0
15696859,Oldham,474,France,Male,45,10,$0.00 ,2,0,0,"$172,175.90",0
15653780,Kambinachi,621,France,Female,43,5,$0.00 ,1,1,1,"$47,578.45",0
15721658,Fleming,672,Spain,FeMaleale,56,2,"$209,767.31 ",2,1,1,"$150,694.42",1
15578761,Cunningham,459,Spain,FeMaleale,42,6,"$129,634.25 ",2,1,1,"$177,683.02",1
15736879,Obinna,669,France,Male,23,1,$0.00 ,2,0,0,"$66,088.83",0
15571973,Chinwemma,776,France,Female,38,2,"$169,824.46 ",1,1,0,"$169,291.70",0
15626742,Carpenter,694,France,Male,36,3,"$97,530.25 ",1,1,1,"$117,140.41",0
15672692,Yin,787,France,Female,42,10,"$145,988.65 ",2,1,1,"$79,510.37",0
15673570,Olsen,580,France,Male,37,9,$0.00 ,2,0,1,"$77,108.66",0
15767432,Ts'ai,711,Franceance,Female,25,7,$0.00 ,3,1,1,"$9,679.28",0
15654238,Jen,673,Franceance,Female,40,5,"$137,494.28 ",1,1,0,"$81,753.92",0
15612525,Preston,499,Franceance,Female,57,1,$0.00 ,1,0,0,"$131,372.38",1
15812750,Ozioma,591,Franceance,Male,24,6,"$147,360.00 ",1,1,1,"$25,310.82",0
15790757,Cody,769,Franceance,Female,25,10,$0.00 ,2,0,0,"$187,925.75",0
15723873,Ponomarev,657,Spain,Male,31,3,"$125,167.02 ",1,0,0,"$98,820.39",0
15744607,Martin,738,Germany,Male,43,9,"$121,152.05 ",2,1,0,"$64,166.70",1
15612966,Milani,545,Germany,Female,60,7,"$128,981.07 ",1,0,1,"$176,924.21",1
15784209,Tang,497,Franceance,Male,47,6,$0.00 ,1,1,1,"$90,055.08",0
15794278,Romani,816,Spain,Male,67,6,"$151,858.98 ",1,1,1,"$72,814.31",0
15766741,McIntyre,525,Franceance,Male,36,2,"$114,628.40 ",1,0,1,"$168,290.06",0
15661036,Davis,725,Franceance,Male,46,6,$0.00 ,2,1,0,"$161,767.38",0
15705639,Onyemauchechukwu,692,Franceance,Female,28,8,"$95,059.02 ",2,1,0,"$44,420.18",0
15637414,Gell,618,Franceance,Female,24,7,"$128,736.39 ",1,0,1,"$37,147.61",0
15716835,Rossi,546,Franceance,Male,24,8,"$156,325.38 ",1,1,1,"$125,381.02",0
15696231,Chiwetelu,635,Franceance,Male,29,7,"$105,405.97 ",1,1,1,"$149,853.89",0
15641675,Kirillova,611,Franceance,Female,49,2,"$88,915.37 ",3,0,0,"$161,435.02",1
15670755,Shaw,650,Franceance,Male,60,8,$0.00 ,2,1,1,"$102,925.76",0
15640059,Smith,606,Franceance,Male,40,5,$0.00 ,2,1,1,"$70,899.27",0
15787619,Hsieh,844,Franceance,Male,18,2,"$160,980.03 ",1,0,0,"$145,936.28",0
15587535,Onyemauchechukwu,450,Spain,FeMaleale,46,5,"$177,619.71 ",1,1,0,"$54,227.06",0
15813034,Martin,727,Spain,Male,38,2,"$62,276.99 ",1,1,1,"$59,280.79",0
15698839,Okwudilichukwu,460,Germany,Male,46,4,"$127,559.97 ",2,1,1,"$126,952.50",0
15790314,Onuoha,649,Franceance,Male,41,0,$0.00 ,2,0,1,"$130,567.02",0
15634245,Muecke,758,Germany,Female,47,9,"$95,523.16 ",1,1,0,"$73,294.48",0
15677305,Hsieh,490,Franceance,Female,35,7,"$107,749.03 ",1,1,1,"$3,937.37",0
15661526,Anderson,815,Germany,Male,37,2,"$110,777.26 ",2,1,0,"$2,383.59",0
15685997,Azubuike,838,Spain,FeMaleale,39,5,"$166,733.92 ",2,1,0,"$14,279.44",0
15660101,Nnonso,803,Franceance,Male,31,9,"$157,120.86 ",2,1,0,"$141,300.53",0
15637979,Fuller,664,Germany,Female,36,2,"$127,160.78 ",2,1,0,"$78,140.75",0
15815364,Ashley,736,Spain,FeMaleale,28,2,$0.00 ,2,1,1,"$117,431.10",0
15647099,Ts'ui,633,Franceance,Female,37,9,"$156,091.97 ",1,1,0,"$72,008.61",0
15625944,Buccho,664,Franceance,Male,58,5,"$98,668.18 ",1,1,1,"$60,887.58",0
15583212,Chidozie,600,Franceance,Female,43,5,"$134,022.06 ",1,1,0,"$194,764.83",0
15582741,Maclean,693,Franceance,Female,35,5,"$124,151.09 ",1,1,0,"$88,705.14",1
15637876,Burns,663,Germany,Female,36,6,"$77,253.50 ",1,0,0,"$35,817.97",1
15622750,Chu,742,Germany,Female,21,1,"$114,292.48 ",1,1,0,"$31,520.40",0
15672056,Kenenna,710,Germany,Male,43,2,"$140,080.32 ",3,1,1,"$157,908.19",1
15812351,Beluchi,710,Spain,FeMaleale,27,2,"$135,277.96 ",1,1,0,"$142,200.15",0
15810864,Williamson,700,Franceance,Female,82,2,$0.00 ,2,0,1,"$182,055.36",0
15677921,Bobrov,720,Germany,Male,60,9,"$115,920.62 ",2,0,0,"$157,552.08",1
15724296,Kerr,684,Spain,Male,41,2,"$119,782.72 ",2,0,0,"$120,284.67",0
15685329,McKenzie,531,Franceance,Female,63,1,"$114,715.71 ",1,0,1,"$24,506.95",1
15584091,Pitts,742,Germany,Female,36,2,"$129,748.54 ",2,0,0,"$47,271.61",1
15640442,Standish,717,Franceance,Male,31,4,"$129,722.57 ",1,0,0,"$41,176.60",0
15639314,Cartwright,589,Franceance,Male,32,2,$0.00 ,2,0,1,"$9,468.64",0
15685320,Johnstone,767,Franceance,Male,36,3,"$139,180.20 ",1,0,0,"$123,880.19",0
15789158,Nikitina,636,Germany,Male,49,6,"$113,599.74 ",2,1,0,"$158,887.09",1
15752137,McElroy,648,Franceance,Male,33,7,"$134,944.00 ",1,1,1,"$117,036.38",0
15712551,Shen,622,Germany,Female,58,7,"$116,922.25 ",1,1,0,"$120,415.61",1
15628936,Archer,692,Spain,Male,28,9,"$118,945.09 ",1,0,0,"$16,064.25",1
15797227,Otutodilinna,754,Franceance,Male,28,8,$0.00 ,2,1,1,"$52,615.62",0
15769974,Shih,679,Spain,FeMaleale,35,8,"$119,182.73 ",1,0,0,"$121,210.09",0
15737051,Denisov,639,Franceance,Male,27,8,$0.00 ,2,1,0,"$192,247.35",0
15585595,Owens,774,Franceance,Female,28,1,"$71,264.02 ",2,0,1,"$68,759.57",0
15654060,P'eng,517,Franceance,Male,41,2,$0.00 ,2,0,1,"$75,937.47",0
15745196,Verco,571,Franceance,Female,35,8,$0.00 ,2,0,0,"$84,569.13",0
15571221,Bergamaschi,747,Germany,Male,58,7,"$116,313.57 ",1,1,1,"$190,696.35",1
15660155,Lorenzo,792,Spain,Male,36,5,"$92,140.15 ",1,0,1,"$67,468.67",0
15605284,Outtrim,688,Franceance,Male,26,1,$0.00 ,2,1,1,"$104,435.94",0
15694366,Hou,714,Germany,Male,42,2,"$177,640.09 ",1,0,1,"$47,166.55",0
15600739,Galkin,562,Spain,FeMaleale,35,0,$0.00 ,2,1,0,"$119,899.52",0
15653253,Pagnotto,704,Spain,Male,48,8,"$167,997.60 ",1,1,1,"$173,498.45",0
15763431,Echezonachukwu,698,Franceance,Male,36,2,"$82,275.35 ",2,1,1,"$93,249.26",0
15643696,Young,611,Franceance,Male,49,3,$0.00 ,2,1,1,"$142,917.54",0
15707473,Summers,850,Germany,Female,48,6,"$111,962.99 ",1,1,0,"$111,755.80",0
15769504,Munro,743,Germany,Female,34,1,"$131,736.88 ",1,1,1,"$108,543.21",0
15776807,Brennan,654,Franceance,Male,29,1,$0.00 ,1,1,0,"$180,345.44",0
15686870,Ball,761,Germany,Male,36,8,"$108,239.11 ",2,0,0,"$99,444.02",0
15668747,Virgo,702,Franceance,Female,46,9,"$98,444.19 ",1,0,1,"$109,563.28",0
15766908,Trevisani,488,Germany,Male,32,3,"$114,540.38 ",1,1,0,"$92,568.07",0
15570134,Padovano,683,Franceance,Female,35,6,"$187,530.66 ",2,1,1,"$37,976.36",0
15567367,Tao,601,Germany,Female,42,9,"$133,636.16 ",1,0,1,"$103,315.74",0
15747542,Perez,605,Franceance,Male,52,7,$0.00 ,2,1,1,"$173,952.50",0
15762238,Fraser,671,Germany,Female,44,0,"$84,745.03 ",2,0,1,"$34,673.98",0
15681554,Alley,614,Germany,Female,31,7,"$120,599.38 ",2,1,1,"$46,163.44",0
15712825,Howells,511,Spain,FeMaleale,29,9,$0.00 ,2,0,1,"$140,676.98",0
15640280,Cameron,850,Franceance,Male,39,4,"$127,771.35 ",2,0,1,"$151,738.54",0
15756026,Hooper,790,Spain,FeMaleale,46,9,$0.00 ,1,0,0,"$14,679.81",1
15613319,Rice,793,Franceance,Female,33,0,$0.00 ,1,0,0,"$175,544.02",0
15798906,Cox,628,Franceance,Male,69,5,$0.00 ,2,1,1,"$181,964.60",0
15708917,Martin,598,Germany,Male,53,10,"$167,772.96 ",1,1,1,"$136,886.86",0
15778463,Ikenna,657,Franceance,Female,37,6,"$95,845.60 ",1,1,0,"$122,218.23",0
15699430,Davide,618,Franceance,Female,35,10,$0.00 ,2,1,0,"$180,439.75",0
15649992,Alexander,681,Spain,Male,65,7,"$134,714.70 ",2,0,1,"$190,419.81",0
15578980,Piazza,516,Spain,FeMaleale,33,3,$0.00 ,2,1,1,"$58,685.59",0
15775306,Ni,421,Germany,Male,28,8,"$122,384.22 ",3,1,1,"$89,017.38",1
15641655,Black,700,Franceance,Female,26,2,$0.00 ,2,0,0,"$50,051.42",0
15619708,Harker,745,Franceance,Male,25,5,"$157,993.15 ",2,1,0,"$146,041.45",0
15734565,Hughes,696,Franceance,Male,29,8,$0.00 ,2,1,0,"$191,166.09",0
15806438,Chiabuotu,580,Germany,Female,42,2,"$123,331.36 ",1,0,0,"$103,516.08",1
15591969,Kuo,497,Spain,Male,27,9,"$75,263.16 ",1,1,1,"$164,825.04",0
15747807,Gallagher,720,Franceance,Female,43,6,"$137,824.03 ",2,1,0,"$172,557.77",0
15596939,Calabresi,659,Germany,Male,36,4,"$132,578.92 ",2,1,0,"$84,320.94",0
15716155,Shaw,841,Franceance,Female,36,5,"$156,021.31 ",1,0,0,"$122,662.98",0
15765311,Zhirov,642,Spain,Male,34,8,$0.00 ,1,1,0,"$72,085.10",0
15757811,Lloyd,732,Spain,FeMaleale,69,9,"$137,453.43 ",1,0,1,"$110,932.24",1
15603830,Palmer,600,Spain,Male,36,4,$0.00 ,2,1,0,"$143,635.36",0
15660602,Ch'eng,464,Germany,Male,33,8,"$164,284.72 ",2,1,1,"$3,710.34",0
15660535,Avent,680,Franceance,Female,47,5,$0.00 ,2,1,1,"$179,843.33",0
15666633,Huang,758,Spain,Male,56,1,$0.00 ,2,1,1,"$10,643.38",0
15596914,Shaw,630,Germany,Female,31,2,"$112,373.49 ",2,1,1,"$131,167.98",0
15639788,Yuan,577,Franceance,Female,39,10,$0.00 ,2,1,0,"$10,553.31",0
15695846,Hawkins,684,Franceance,Female,34,6,$0.00 ,2,1,1,"$130,928.22",0
15726234,Trentini,708,Spain,FeMaleale,41,5,$0.00 ,1,0,1,"$157,003.99",0
15797964,Cameron,732,Germany,Female,29,1,"$154,333.82 ",1,1,1,"$138,527.56",0
15625881,Koehler,634,Germany,Male,37,3,"$111,432.77 ",2,1,1,"$167,032.49",0
15780628,Wu,633,Franceance,Female,30,6,$0.00 ,2,0,0,"$41,642.29",0
15575883,Manna,559,Franceance,Male,34,2,"$137,390.11 ",2,1,0,"$9,677.00",0
15585036,Okoli,694,Spain,FeMaleale,37,3,$0.00 ,2,1,1,"$147,012.22",0
15589488,Ch'eng,686,Germany,Female,56,5,"$111,642.08 ",1,1,1,"$80,553.87",0
15585888,Nwokezuike,553,Spain,FeMaleale,48,3,$0.00 ,1,0,1,"$30,730.95",1
15727915,Artemiev,507,Franceance,Male,36,4,"$83,543.37 ",1,0,0,"$140,134.43",0
15707567,Esposito,732,Germany,Male,50,6,"$145,338.76 ",1,0,0,"$91,936.10",1
15737792,Abbie,818,Franceance,Female,31,1,"$186,796.37 ",1,0,0,"$178,252.63",0
15599433,Fanucci,660,Germany,Male,35,8,"$58,641.43 ",1,0,1,"$198,674.08",0
15672012,Jen,773,Spain,FeMaleale,41,5,$0.00 ,1,1,0,"$28,266.90",1
15806983,Moss,640,Franceance,Male,44,3,"$137,148.68 ",1,1,0,"$92,381.01",0
15592222,Lo,505,Franceance,Male,49,7,"$80,001.23 ",1,0,0,"$135,180.11",0
15608968,Averyanov,714,Germany,Male,21,6,"$86,402.52 ",2,0,0,"$27,330.59",0
15586959,Unaipon,468,Franceance,Female,42,5,$0.00 ,2,1,0,"$125,305.34",0
15646558,Clamp,611,Spain,Male,51,1,"$122,874.74 ",1,1,1,"$149,648.45",0
15725811,Lim,705,Franceance,Male,25,0,"$97,544.29 ",1,0,1,"$59,887.15",0
15572265,Wu,646,Germany,Male,46,1,"$170,826.55 ",2,1,0,"$45,041.32",0
15794048,Wan,667,Germany,Female,48,1,"$97,133.92 ",2,0,0,"$113,316.77",1
15677610,Chambers,511,Germany,Female,41,8,"$153,895.65 ",1,1,1,"$39,087.42",0
15745012,Pettit,653,Franceance,Female,43,6,$0.00 ,2,1,1,"$7,330.59",0
15601589,Baresi,675,Franceance,Female,57,8,$0.00 ,2,0,1,"$95,463.29",0
15686436,Newbery,523,Spain,Male,32,4,$0.00 ,2,1,0,"$167,848.02",0
15693864,Iheanacho,567,Germany,Female,49,5,"$134,956.02 ",1,1,0,"$93,953.84",1
15760550,Duncan,741,Spain,Male,39,7,"$143,637.58 ",2,0,1,"$174,227.66",0
15686137,Barry,456,Spain,Male,32,9,"$147,506.25 ",1,1,1,"$135,399.21",0
15809087,Landry,598,Franceance,Male,64,1,$0.00 ,2,1,0,"$195,635.30",1
15807663,McGregor,667,Franceance,Male,43,8,"$190,227.46 ",1,1,0,"$97,508.04",1
15809100,Nucci,548,Franceance,Female,32,2,"$172,448.77 ",1,1,0,"$188,083.77",1
15794916,Pirogov,725,Franceance,Male,41,7,"$113,980.21 ",1,1,1,"$116,704.25",0
15614215,Oguejiofor,717,Franceance,Male,53,6,$0.00 ,2,0,1,"$97,614.87",0
15805449,Ugochukwu,594,Franceance,Male,38,4,$0.00 ,2,0,0,"$186,884.04",0
15686983,Rohu,678,Germany,Female,25,10,"$76,968.12 ",2,0,1,"$131,501.72",0
15808017,Cary,545,Franceance,Male,38,1,"$88,293.13 ",2,1,1,"$24,302.95",0
15756804,O'Loghlen,636,Franceance,Female,48,1,"$170,833.46 ",1,1,0,"$110,510.28",1
15646810,Quinn,603,Germany,Male,44,6,"$108,122.39 ",2,1,0,"$108,488.33",1
15710424,Page,435,Franceance,Male,36,4,$0.00 ,1,1,1,"$197,015.20",0
15799422,Evans,535,Franceance,Female,40,8,$0.00 ,1,1,1,"$27,689.77",0
15692750,McGregor,629,Germany,Female,45,7,"$129,818.39 ",3,1,0,"$9,217.55",1
15794549,Andrews,722,Franceance,Female,35,2,"$163,943.89 ",2,1,1,"$15,068.18",0
15803764,Stanley,561,Franceance,Male,28,7,$0.00 ,2,1,0,"$7,797.01",0
15674840,Chiazagomekpere,645,Franceance,Female,38,5,"$101,430.30 ",2,0,1,"$4,400.32",0
15653762,Chidiebele,501,Franceance,Female,39,9,"$117,301.66 ",1,0,0,"$182,025.95",0
15581229,Gregory,502,Germany,Female,32,1,"$173,340.83 ",1,0,1,"$122,763.95",0
15800228,Bednall,652,Spain,FeMaleale,42,4,$0.00 ,2,1,1,"$38,152.01",0
15656333,Jen,574,Franceance,Female,33,3,"$134,348.57 ",1,1,0,"$63,163.99",0
15697497,She,518,Franceance,Female,45,9,"$105,525.65 ",2,1,1,"$73,418.29",0
15585362,Simmons,749,Franceance,Female,60,6,$0.00 ,1,1,0,"$17,978.68",1
15571928,Fraser,679,Franceance,Female,43,4,$0.00 ,3,1,0,"$115,136.51",1
15785519,May,565,Franceance,Male,36,6,"$106,192.10 ",1,1,0,"$149,575.59",0
15743007,Seabrook,643,Franceance,Female,45,4,"$45,144.43 ",1,1,0,"$60,917.24",1
15777211,Herrera,515,Franceance,Male,65,7,"$92,113.61 ",1,1,1,"$142,548.33",0
15721935,Kincaid,521,Franceance,Male,25,7,$0.00 ,2,1,1,"$157,878.67",0
15591711,Sleeman,739,Spain,Male,38,0,"$128,366.44 ",1,1,0,"$12,796.43",0
15625021,Hung,585,Franceance,Male,42,2,$0.00 ,2,1,1,"$18,657.77",0
15702968,Artemieva,733,Germany,Male,74,3,"$106,545.53 ",1,1,1,"$134,589.58",0
15600462,Barwell,542,Franceance,Female,43,8,"$145,618.37 ",1,0,1,"$10,350.74",0
15768104,Wright,788,Spain,Male,37,8,"$141,541.25 ",1,0,0,"$66,013.27",0
15780140,Bellucci,435,Germany,Male,32,2,"$57,017.06 ",2,1,1,"$5,907.11",0
15585255,Moore,577,Franceance,Male,42,9,$0.00 ,1,1,0,"$74,077.91",0
15772781,Ball,703,Franceance,Female,51,3,$0.00 ,3,1,1,"$77,294.56",1
15669987,Sung,728,Germany,Female,35,8,"$125,884.95 ",2,1,0,"$54,359.02",1
15697000,Mello,728,Germany,Male,32,5,"$61,825.50 ",1,1,1,"$156,124.93",0
15733119,Mistry,718,Franceance,Male,35,8,$0.00 ,2,1,0,"$94,820.85",0
15782390,T'ien,621,Franceance,Female,40,6,$0.00 ,1,1,0,"$155,155.25",0
15654700,Fallaci,523,Franceance,Female,40,2,"$102,967.41 ",1,1,0,"$128,702.10",1
15632210,Hill,657,Germany,Male,25,2,"$171,770.55 ",1,1,0,"$22,745.50",0
15642041,Burns,727,Germany,Male,40,1,"$93,051.64 ",2,1,0,"$71,865.31",1
15709737,Hunter,643,Franceance,Male,36,7,"$161,064.64 ",2,0,1,"$84,294.82",0
15792388,Li,645,Franceance,Female,48,7,"$90,612.34 ",1,1,1,"$149,139.13",0
15786014,Ku,568,Franceance,Male,28,5,"$145,105.64 ",2,1,0,"$185,489.11",0
15794580,Ch'en,599,Franceance,Male,58,4,$0.00 ,1,0,0,"$176,407.15",1
15675964,Chukwukadibia,672,Franceance,Female,45,9,$0.00 ,1,1,1,"$92,027.69",1
15814275,Zikoranachidimma,685,Franceance,Male,33,6,"$174,912.72 ",1,1,1,"$43,932.54",0
15724848,Oluchukwu,516,Franceance,Female,46,1,"$104,947.72 ",1,1,0,"$115,789.25",1
15754713,Rivera,685,Spain,Male,31,10,"$135,213.71 ",1,1,1,"$125,777.28",0
15693814,Niu,806,Spain,Male,25,7,$0.00 ,2,1,0,"$18,461.90",0
15599660,Bennett,604,Franceance,Male,36,6,"$116,229.85 ",2,1,1,"$79,633.38",0
15746490,Wollstonecraft,648,Spain,Female,53,6,"$111,201.41 ",1,1,1,"$121,542.29",0
15566091,Thomsen,545,Spain,Female,32,4,$0.00 ,1,1,0,"$94,739.20",0
15655961,Palermo,756,Germany,Male,27,1,"$131,899.00 ",1,1,0,"$93,302.29",0
15710404,Chinwendu,569,Franceance,Male,35,10,"$124,525.52 ",1,1,1,"$193,793.78",0
15775625,McKenzie,596,Franceance,Male,47,6,$0.00 ,1,1,0,"$74,835.65",0
15792328,James,475,Franceance,Male,39,6,$0.00 ,1,1,1,"$56,999.90",1
15719856,Lamb,646,Franceance,Female,45,3,"$47,134.75 ",1,1,1,"$57,236.44",0
15593773,Olejuru,784,Spain,Male,35,3,$0.00 ,2,0,0,"$81,483.64",0
15733114,Hay,552,Spain,Male,45,9,$0.00 ,2,1,0,"$26,752.56",0
15797748,Lu,729,Franceance,Male,44,5,$0.00 ,2,0,1,"$9,200.54",0
15743411,Chiawuotu,609,Spain,Male,61,1,$0.00 ,1,1,0,"$22,447.85",1
15753337,Yeates,555,Franceance,Male,51,5,$0.00 ,3,1,0,"$189,122.89",1
15601026,Gallagher,572,Germany,Female,19,1,"$138,657.08 ",1,1,1,"$16,161.82",0
15658485,Heath,785,Franceance,Female,34,9,"$70,302.48 ",1,1,1,"$68,600.36",0
15636731,Ts'ai,714,Germany,Female,36,1,"$101,609.01 ",2,1,1,$447.73,0
15628303,Thurgood,738,Spain,Male,35,3,$0.00 ,1,1,1,"$15,650.73",0
15633461,Pai,639,Germany,Male,38,5,"$130,170.82 ",1,1,1,"$149,599.62",0
15677135,Lorenzo,520,Germany,Male,61,8,"$133,802.29 ",2,1,1,"$90,304.01",0
15590876,Knupp,764,Franceance,Female,24,7,"$106,234.02 ",1,0,0,"$115,676.38",0
15790782,Baryshnikov,661,Spain,Male,39,6,"$132,628.98 ",1,0,0,"$38,812.67",0
15700476,Azubuike,564,Germany,Male,41,9,"$103,522.75 ",2,1,1,"$34,338.21",0
15634141,Shephard,708,Germany,Female,42,8,"$192,390.52 ",2,1,0,$823.36,0
15737795,Scott,512,Spain,Male,36,1,$0.00 ,1,0,1,"$135,482.26",1
15790299,Williamson,592,Spain,Male,37,9,$0.00 ,3,1,1,"$10,656.89",0
15675316,Avdeeva,619,Franceance,Female,38,3,$0.00 ,2,0,1,"$116,467.35",0
15613630,Tang,775,Franceance,Male,52,8,"$109,922.61 ",1,1,1,"$96,823.32",1
15662100,Hsu,850,Germany,Female,44,5,"$128,605.32 ",1,0,1,"$171,096.20",0
15668032,Buchanan,577,Franceance,Female,37,4,$0.00 ,1,1,1,"$79,881.39",0
15599289,Yeh,724,Franceance,Female,37,10,"$68,598.56 ",1,1,0,"$157,862.82",0
15754084,Palazzi,710,Spain,Male,35,1,"$106,518.52 ",1,1,1,"$127,951.81",0
15804586,Lin,376,Franceance,Female,46,6,$0.00 ,1,1,0,"$157,333.69",1
15781465,Schofield,675,Germany,Female,29,8,"$121,326.42 ",1,1,0,"$133,457.52",0
15729362,Lombardi,745,Franceance,Male,36,8,"$67,226.37 ",1,1,0,"$130,789.60",0
15709295,Wall,697,Spain,Female,25,5,"$82,931.85 ",2,1,1,"$128,373.88",0
15745324,Milani,599,Spain,Female,39,4,$0.00 ,1,1,0,"$194,273.20",1
15741336,Ejimofor,715,Franceance,Female,38,5,"$118,590.41 ",1,1,1,"$5,684.17",1
15783659,Blackburn,659,Franceance,Male,67,4,"$145,981.87 ",1,1,1,"$131,043.20",0
15620981,Wickham,684,Franceance,Female,48,3,"$73,309.38 ",1,0,0,"$21,228.34",1
15630328,Bird,635,Franceance,Female,48,8,"$130,796.33 ",2,1,1,"$43,250.30",0
15785899,Ch'en,789,Germany,Male,33,8,"$151,607.56 ",1,1,0,"$4,389.40",0
15606149,Wood,571,Germany,Female,66,9,"$111,577.01 ",1,0,1,"$189,271.90",0
15671139,Brizendine,694,Spain,Male,39,0,"$107,042.74 ",1,1,1,"$102,284.20",0
15660429,Ch'in,665,Spain,Female,42,2,"$156,371.61 ",2,0,1,"$156,774.94",1
15571002,Yusupov,706,Franceance,Female,44,4,"$129,605.99 ",1,0,0,"$69,865.49",0
15631681,Jibunoh,807,Spain,Female,43,0,$0.00 ,2,0,1,"$85,523.24",0
15731522,Ts'ui,771,Spain,Female,67,8,$0.00 ,2,1,1,"$51,219.80",0
15619529,Ndukaku,531,Spain,Male,27,8,"$132,576.25 ",1,0,0,"$7,222.92",0
15628034,Wilder,629,Franceance,Female,37,6,"$129,101.30 ",1,1,1,"$23,971.33",0
15686164,Maclean,850,Germany,Female,31,1,"$108,822.40 ",1,1,1,"$132,173.31",0
15582797,Ch'iu,685,Spain,Male,35,4,"$137,948.51 ",1,1,0,"$113,639.64",0
15753831,Cox,642,Spain,Male,32,7,"$100,433.80 ",1,1,1,"$39,768.59",0
15731815,Nepean,529,Spain,Male,63,4,"$96,134.11 ",3,1,0,"$108,732.96",1
15580956,McNess,683,Germany,Female,43,4,"$115,888.04 ",1,1,1,"$117,349.19",1
15602084,Coles,663,Franceance,Female,42,5,"$124,626.07 ",1,1,1,"$78,004.50",0
15589805,Benson,563,Franceance,Female,34,6,"$139,810.34 ",1,1,1,"$152,417.79",0
15720893,Gilbert,637,Spain,Female,34,9,$0.00 ,2,0,0,"$26,057.08",0
15641009,Wilhelm,544,Franceance,Male,37,3,"$84,496.71 ",1,0,0,"$79,972.09",0
15605926,Sinclair,649,Germany,Male,70,9,"$116,854.71 ",2,0,1,"$107,125.79",0
15805955,L?,638,Franceance,Female,48,10,"$138,333.03 ",1,1,1,"$47,679.14",0
15801488,Buckner,723,Franceance,Male,25,3,$0.00 ,2,1,1,"$134,509.47",0
15605918,Padovesi,635,Germany,Male,43,5,"$78,992.75 ",2,0,0,"$153,265.31",0
15779711,Gray,750,Spain,Female,38,7,"$97,257.41 ",2,0,1,"$179,883.04",0
15705620,Lu,730,Franceance,Male,34,5,"$122,453.37 ",2,1,0,"$138,882.98",0
15685357,Wright,750,Spain,Female,36,8,"$112,940.07 ",1,0,1,"$9,855.81",0
15799515,Wei,652,Franceance,Female,48,8,"$133,297.24 ",1,1,0,"$77,764.37",0
15642937,Padovesi,550,Franceance,Female,46,7,$0.00 ,2,1,0,"$130,590.35",0
15624729,Tsao,594,Franceance,Male,27,0,"$197,041.80 ",1,0,0,"$151,912.49",0
15566156,Franklin,749,Germany,Female,44,0,"$71,497.79 ",2,0,0,"$151,083.80",0
15792360,Clark,668,Franceance,Male,32,7,$0.00 ,2,1,1,$777.37,0
15807008,McGregor,614,Germany,Female,35,6,"$128,100.28 ",1,0,0,"$69,454.24",1
15704770,Pan,773,Franceance,Male,25,1,"$124,532.78 ",2,0,1,"$11,723.57",0
15756475,Kenniff,551,Germany,Male,31,9,"$82,293.82 ",2,1,1,"$91,565.25",0
15655339,Spencer,566,Franceance,Male,36,1,"$142,120.91 ",1,1,0,"$79,616.37",0
15613749,Lees,569,Spain,Male,34,0,"$151,839.26 ",1,1,0,"$102,299.81",1
15664521,David,659,Spain,Male,31,7,"$149,620.88 ",2,1,1,"$104,533.51",0
15681206,Hsing,722,Franceance,Female,49,3,"$168,197.66 ",1,1,0,"$140,765.57",1
15745527,Burke,655,Franceance,Male,37,5,"$93,147.00 ",2,1,0,"$66,214.13",0
